:1000000000000120910E0000010F0000030F00000E
:10001000050F0000070F0000090F0000000000009E
:100020000000000000000000000000000B0F0000B6
:100030000D0F0000000000000F0F0000110F000066
:10004000130F0000130F0000130F0000130F000028
:10005000130F0000130F0000130F0000130F000018
:10006000130F0000130F0000130F0000130F000008
:10007000130F0000130F0000130F0000130F0000F8
:10008000130F0000130F0000130F0000130F0000E8
:10009000130F0000130F0000130F0000130F0000D8
:1000A000130F0000130F0000130F0000130F0000C8
:1000B000130F0000130F00000000000000000000FC
:1000C000130F0000130F0000130F0000130F0000A8
:1000D000130F0000130F0000130F000000000000BA
:1000E0000000000000000000000000000000000010
:1000F0000000000000000000000000000000000000
:1001000000000000000000000000000000000000EF
:1001100000000000000000000000000000000000DF
:1001200000000000000000000000000000000000CF
:1001300000000000000000000000000000000000BF
:1001400000000000000000000000000000000000AF
:10015000000000000000000000000000000000009F
:10016000000000000000000000000000000000008F
:10017000000000000000000000000000000000007F
:10018000000000000000000000000000000000006F
:10019000000000000000000000000000000000005F
:1001A000000000000000000000000000000000004F
:1001B000000000000000000000000000000000003F
:1001C000000000000000000000000000000000002F
:1001D000000000000000000000000000000000001F
:1001E000000000000000000000000000000000000F
:1001F00000000000000000000000000000000000FF
:100200005468652061766572616765206772616414
:100210006520696E2054544B2564207761732069F2
:100220006E202564207761733A20420A0D00000099
:100230005772697465206669727374206E756D6299
:1002400065723A200A0D0000256400005772697437
:1002500065207365636F6E64206E756D6265723ABA
:10026000200A0D00526573756C743A2025640A0DDE
:1002700000000000303132333435363738394142EE
:1002800043444546000000003031323334353637C0
:10029000383961626364656600000000286E756C21
:1002A0006C29000065256C64000000002E00000031
:1002B0006E660000696E697479000000616E00006E
:1002C00043000000504F53495800000042616C6CDD
:1002D0006F63207375636365656465640000000087
:1002E0002E2E2F2E2E2F2E2E2F2E2E2F2E2E2F2E29
:1002F0002E2F6E65776C69622F6C6962632F737441
:10030000646C69622F6764746F612D6765746865DA
:10031000782E63002C2066756E6374696F6E3A20C8
:1003200000000000617373657274696F6E2022258E
:100330007322206661696C65643A2066696C652089
:10034000222573222C206C696E6520256425732577
:10035000730A00002E2E2F2E2E2F2E2E2F2E2E2FF4
:100360002E2E2F2E2E2F6E65776C69622F6C696290
:10037000632F7374646C69622F6D707265632E6392
:1003800000000000494E4600696E66004E414E0076
:100390006E616E0030000000496E66696E697479A6
:1003A000000000004E614E002E2E2F2E2E2F2E2EDE
:1003B0002F2E2E2F2E2E2F2E2E2F6E65776C6962EC
:1003C0002F6C6962632F7374646C69622F64746F3D
:1003D000612E6300202020202020202020202020AB
:1003E000202020203030303030303030303030304D
:1003F000303030300A000100020003000400050024
:1004000006000700080009000A000B000C000D00A0
:100410000E000F001000000035000000CEFBFFFFB3
:10042000CB030000010000000000000034000000C9
:10043000CEFBFFFFCB030000010000000000000026
:10044000BC89D897B2D29C3C33A7A8D523F64939AA
:100450003DA7F444FD0FA5329D978CCF08BA5B25CC
:10046000436FAC6428066811000000000000000023
:10047000000000000000000000000000000000007C
:10048000000000000000000000000000000000006C
:1004900000000000000000001011121314151617C0
:1004A0001819000000000000001A1B1C1D1E1F0070
:1004B000000000000000000000000000000000003C
:1004C0000000000000000000001A1B1C1D1E1F0081
:1004D000000000000000000000000000000000001C
:1004E000000000000000000000000000000000000C
:1004F00000000000000000000000000000000000FC
:1005000000000000000000000000000000000000EB
:1005100000000000000000000000000000000000DB
:1005200000000000000000000000000000000000CB
:1005300000000000000000000000000000000000BB
:1005400000000000000000000000000000000000AB
:10055000000000000000000000000000000000009B
:1005600000000000000000000020202020202020AB
:100570002020282828282820202020202020202053
:100580002020202020202020208810101010101063
:1005900010101010101010101004040404040404AF
:1005A0000404041010101010101041414141414149
:1005B000010101010101010101010101010101012B
:1005C000010101011010101010104242424242423B
:1005D00002020202020202020202020202020202FB
:1005E00002020202101010102000000000000000A3
:1005F00000000000000000000000000000000000FB
:1006000000000000000000000000000000000000EA
:1006100000000000000000000000000000000000DA
:1006200000000000000000000000000000000000CA
:1006300000000000000000000000000000000000BA
:1006400000000000000000000000000000000000AA
:10065000000000000000000000000000000000009A
:10066000000000000000000000000000000000008A
:1006700005000000190000007D00000000000000DF
:10068000000000000000F03F0000000000002440D7
:1006900000000000000059400000000000408F40B2
:1006A000000000000088C34000000000006AF8401D
:1006B0000000000080842E4100000000D012634141
:1006C0000000000084D797410000000065CDCD41B7
:1006D000000000205FA00242000000E87648374298
:1006E000000000A2941A6D42000040E59C30A24236
:1006F0000000901EC4BCD64200003426F56B0C43AB
:100700000080E03779C3414300A0D8855734764351
:1007100000C84E676DC1AB43003D9160E458E143B2
:10072000408CB5781DAF154450EFE2D6E41A4B4427
:1007300092D54D06CFF08044F64AE1C7022DB5446C
:10074000B49DD9794378EA44BC89D897B2D29C3C0D
:1007500033A7A8D523F649393DA7F444FD0FA532A8
:100760009D978CCF08BA5B25436FAC642806C80AF6
:100770000080E03779C34143176E05B5B5B893469D
:10078000F5F93FE9034F384D321D30F94877825A69
:100790003CBF737FDD4F15752020202020202020B6
:1007A00020202020202020203030303030303030C9
:0807B0003030303030303030C1
:0807B8009000000001000000A8
:1007C0000348044B834202D0034B03B118477047E0
:1007D000B8060020B8060020000000000548064BBF
:1007E0001B1AD90F01EBA301491002D0034B03B12F
:1007F00018477047B8060020B80600200000000027
:1008000010B5064C237843B9FFF7DAFF044B13B158
:100810000448AFF300800123237010BDB806002008
:1008200000000000FCB4000008B5044B1BB10449F3
:100830000448AFF30080BDE80840CFE700000000A7
:10084000BC060020FCB40000A3F5803A704700BF4E
:10085000154B002B08BF114B9D46FFF7F5FF0021FC
:100860008B460F461148124A121A00F053FB0C4BEC
:10087000002B00D098470B4B002B00D0984700204E
:10088000002104000D000B4801F092FC01F020FB58
:100890002000290000F028F801F07CFC000008008E
:1008A000000000000000000000000120B806002049
:1008B000E00900206934000070B50D46164600249A
:1008C00004E015F8010B00F0BBF80134B442F8D392
:1008D000304670BD10B50C4600F0C6F80028FBD0BD
:1008E0002070012010BD000010B582B000F0CCF8DF
:1008F00000F0DBF800F07CF80024019400943DE067
:10090000412000F09DF840E0422000F099F843E0DB
:1009100040F2E67241F28B01304800F04DFB42E0BC
:100920002F4800F049FB03E001A92E4801F00EFC1E
:10093000019B002BF8D02C4800F03EFB03E06946F9
:10094000284801F003FC009B002BF8D0019903FB21
:1009500001F1264800F030FB00230093019329E0C9
:1009600001229A404FF0A041C1F80C250133142B0D
:10097000F6DD002442F21073013BFDD14FF0A0439D
:10098000D3F8103513F4005FBAD04FF0A043D3F87A
:10099000103513F4804FB7D04FF0A043D3F8103583
:1009A00013F4004FB4D04FF0A043D3F8103513F434
:1009B000803FB5D000F058F80028DBD00CB91123E7
:1009C00008E01123D3E701229A404FF0A041C1F87B
:1009D00008250133142BF6DD0124CBE700020000CB
:1009E00030020000480200004C02000064020000D7
:1009F0004FF0A0434022C3F81825C3F80C254FF44C
:100A00008072C3F81C250C22C3F820270A4B06224B
:100A1000C3F80C250822C3F814254FF00041C3F891
:100A20000815C3F810150549C3F82415C3F80025A7
:100A300001221A60704700BF0020004000502700CC
:100A4000084B01229A60C3F81C05064BD3F81C31F1
:100A5000002BFAD0034B0022C3F81C210122DA60DC
:100A6000704700BF00200040064BD3F808313BB16F
:100A7000044B0022C3F80821D3F81805C0B2704710
:100A800000207047002000400D230BE001229A4017
:100A90004FF0A041C1F81C2503F5E0720C2041F88D
:100AA00022000133102BF1DD7047112208E00123F1
:100AB00093404FF0A041C1F81835C1F80C35013210
:100AC000142AF4DD70474FF08053D3F83031B3F17E
:100AD000FF3F03D0062B06D0002070474FF0704335
:100AE00093F8E03FF6E7012070474FF0704393F82A
:100AF000E02FD3F8E83FC3F30313062A01D0002008
:100B00007047033B002B04D8DFE803F0010001200D
:100B10007047002070474FF08053D3F83031B3F165
:100B2000FF3F03D0062B06D0002070474FF07043E4
:100B300093F8E03FF6E7012070474FF0704393F8D9
:100B4000E02FD3F8E83FC3F30313062A01D00020B7
:100B50007047033B002B04D8DFE803F001000120BD
:100B60007047002070474FF08053D3F83031B3F115
:100B7000FF3F03D0062B06D0002070474FF0704394
:100B800093F8E03FF6E7012070474FF0704393F889
:100B9000E02FD3F8E83FC3F30313062A01D0002067
:100BA0007047033B002B04D8DFE803F0010001206D
:100BB0007047002070474FF0704393F8E02FD3F850
:100BC000E83FC3F30313062A01D000207047033B1C
:100BD000002B04D8DFE803F001000120704700205B
:100BE00070474FF08053D3F83031B3F1FF3F07D057
:100BF0004FF08052D2F83421062B0AD000207047E3
:100C00004FF0704292F8E03FD2F8E82FC2F303129F
:100C1000F2E7033A012A04D8DFE802F001010020DC
:100C20007047012070474FF08053D3F83031B3F153
:100C3000FF3F03D0062B06D0002070474FF07043D3
:100C400093F8E03FF6E7012070474FF08053D3F868
:100C50003031B3F1FF3F03D0062B06D000207047A0
:100C60004FF0704393F8E03FF6E7012070474FF0F4
:100C70008053D3F83021D3F83431062A01D0002034
:100C80007047052B03D8032B03D3002070470120A6
:100C90007047012070474FF08053D3F83021D3F8CC
:100CA0003431062A01D000207047062B03D8032BCD
:100CB00003D300207047012070470120704708B51A
:100CC000FFF7E9FF38B14FF01023D3F808224FF0B7
:100CD0008043C3F8582508BD014B024A1A6070478B
:100CE000000000200090D00308B5FFF7ECFE40B1F3
:100CF0004FF08053D3F82433C3F304235D4AC2F882
:100D00004035FFF7F2FE10B15B4B5C4A5A67FFF7C4
:100D100002FF48B14FF08053D3F84432C3F342335B
:100D20004FF08042C2F83C35FFF707FF30B1544A1C
:100D3000D2F8FC3023F08073C2F8FC30FFF713FFC9
:100D400040B14FF080430022C3F80C21C3F81021BA
:100D5000C3F83825FFF719FF20B14FF08043032275
:100D6000C3F8A025FFF727FF60B1464B0522C3F863
:100D700010260122C3F888260022C3F818263F2235
:100D8000C3F81426FFF72DFF002846D04FF08052FD
:100D9000D2F804143C4BC3F82015D2F80814C3F859
:100DA0002415D2F80C14C3F82815D2F81014C3F87F
:100DB0002C15D2F81414C3F83015D2F81814C3F84F
:100DC0003415D2F81C14C3F84015D2F82014C3F817
:100DD0004415D2F82414C3F84815D2F82814C3F8DF
:100DE0004C15D2F82C14C3F85015D2F83014C3F8AF
:100DF0005415D2F83414C3F86015D2F83814C3F877
:100E00006415D2F83C14C3F86815D2F84014C3F83E
:100E10006C15D2F84424C3F87025FFF704FF48B1DD
:100E20004FF08053D3F8583203F04F034FF0804215
:100E3000C2F8E43EFFF709FF60B14FF08043D3F8FA
:100E4000003413F0010F05D04FF080436FF0010222
:100E5000C3F80024FFF70BFF30B10C4AD2F83C373F
:100E600043F48063C2F83C37FFF729FFFFF734FFF4
:100E700008BD00BF0030014000C007400DF0ADBA12
:100E800000ED00E00050004000C0004000100040B5
:100E90000F49104A104B00F010F81049104A114B3E
:100EA00000F00BF81049114A114B00F006F81149F7
:100EB000114A124B00F001F806E0521A03DD043A21
:100EC00098588850FBDC7047FFF70EFFFFF7C0FC17
:100ED00000000020B8060020F8B50000B806002089
:100EE000B8060020B0BC0000B8060020B8060020FC
:100EF000B0BC0000B8060020B8060020B0BC00005E
:100F0000FEE7FEE7FEE7FEE7FEE7FEE7FEE7FEE7B9
:100F1000FEE7FEE7830730B547D0541E002A3ED0D7
:100F2000CAB2034601E0013C39D303F8012B9D0707
:100F3000F9D1032C2CD9CDB205EB05250F2C05EBEF
:100F4000054535D9A4F1100222F00F0C03F1100E63
:100F5000E6444FEA121C1A46C2E90055C2E902559E
:100F600010327245F8D10CF1010214F00C0F03EBB2
:100F7000021204F00F0C13D0ACF1040323F00303AE
:100F80000433134442F8045B9342FBD10CF0030496
:100F90002CB1C9B21C4403F8011BA342FBD130BDE4
:100FA00064461346002CF4D1F9E703461446C0E723
:100FB0001A46A446E0E700BF0FB400B5074983B066
:100FC00004AB086853F8042B8168019300F018F80B
:100FD00003B05DF804EB04B0704700BF08000020C8
:100FE0000EB400B582B003AB816853F8042B0193B3
:100FF00000F006F802B05DF804EB03B0704700BFE4
:101000002DE9F04FADB0CDE907301C460291934673
:1010100018B1436B002B00F003850299B1F90C2045
:101020004B6E950405D442F4005223F400538A8198
:101030004B66980400F12485029BB3F90C2011073C
:1010400040F1D3801B69002B00F0CF8002F01A0220
:101050000A2A00F0D9800023CDE910330DF1700980
:10106000CDF83C900993CA4605939BF80030002BBD
:1010700000F0F4805C4604E014F8013F002B00F01F
:10108000D280252BF8D1B4EB0B0540F0CF8023782C
:10109000002B00F0E3804FF000038DF837304FF065
:1010A000FF320023CDE90323617804F1010B984658
:1010B0000BF1010BA1F12003582B00F2DC80DFE8DB
:1010C00013F0B201DA00DA00AD01DA00DA00DA007A
:1010D000DA00DA00DA007601A701DA008101860180
:1010E000DA00A2015900590059005900590059006D
:1010F000590059005900DA00DA00DA00DA00DA00A3
:10110000DA00DA00DA00DA00DA006800DA00DA0081
:10111000DA00DA00DA00DA00DA00DA00DA00DA00FF
:101120001902DA00DA00DA00DA00DA00EA01DA009D
:10113000DA001D04DA00DA00DA00DA00DA00DA0098
:10114000DA00DA00DA00DA00DD016A00DA00DA003B
:10115000DA00D8016A00DA00DA00CB01DA00BD015A
:101160001B047F027A02DA005902DA001904DA005D
:10117000DA004204A1F1300300221BF8011B02EB4C
:10118000820203EB4202A1F13003092BF5D904924C
:1011900090E748F0100818F0200F00F0D780079B68
:1011A000073323F007031A46596852F8083B0792A1
:1011B0000A460029C0F2DE8003999DF837500029C5
:1011C000C0F2E38053EA020128F0800840F0DD809D
:1011D000039B002B40F0598401934C46002D00F0F6
:1011E000BE81019A01320192B9E1029D0898294617
:1011F00000F0A6FC002840F04384B5F90C2002F072
:101200001A020A2A7FF427AF029BB3F90E30002B93
:10121000FFF621AF0299089823465A462DB0BDE843
:10122000F04F00F057BCB4EB0B0517D0119B2B44CB
:101230001193109B0133072BCAE900B5109305DC0D
:101240000AF1080A059B2B44059320E702990898A8
:101250000FAA02F033FB28B9CA46F3E7119B002B13
:1012600040F00084029B9B895B0600F1098405988D
:101270002DB0BDE8F08F0029F0D000238DF8373075
:1012800001238DF84810019312AC002203920692BC
:1012900018F08407DDE9102105D10498019D451B54
:1012A000002D00F34F829DF8370080B101320DF11F
:1012B00037000131CAF80000072A4FF00100CDE9DC
:1012C0001021CAF8040000F377820AF1080A069890
:1012D00078B101320EA80231CAF80000072A4FF097
:1012E0000200CDE91021CAF8040000F373820AF16C
:1012F000080A802F00F09B810398C51A002D00F387
:10130000D58101321944072ACDE91021CAF80040DD
:10131000CAF8043000F302820AF1080A18F0040F38
:1013200005D0049B019A9C1A002C00F36182DDE930
:10133000042301988242ACBF9B181B180593002917
:1013400040F0F78100231093CA468EE6079A18F002
:10135000100F52F8043B079207D118F0400F04D049
:1013600043F3C03211461BB223E7DA1711460029B6
:10137000BFF622AF03995B4262EB42022D250029A2
:101380008DF8375001DB28F080080A2B72F100013C
:1013900080F0F3823033DBB28DF86F30039B012B8A
:1013A000B8BF012301930DF16F04012316E7079BDA
:1013B00053F8042B0492002A80F28882049A07933F
:1013C000524204929BF8001048F0040870E6584618
:1013D00010F8011B2A2900F05A83A1F13003092BD0
:1013E00098BF002200F2478310F8011B02EB820233
:1013F00003EB4202A1F13003092BF5D942EAE27373
:101400000393834656E69BF8001048F080084FE6A9
:101410002B239BF800108DF8373049E69BF800101D
:1014200048F0010844E69DF837309BF80010002B87
:101430007FF43EAE20238DF8373039E618F0200FC8
:1014400000F04D82079B059A1B681A60D2175A60FC
:10145000079B0433079308E69BF800106C2903BF31
:101460009BF8011048F020080BF1010B48F0100820
:101470001EE69BF8001048F0400819E6079B002282
:101480008DF8372053F8042B079301238DF848205B
:10149000019312ACF9E648F0100111F0200200F0BF
:1014A000DE81079B073323F0070318465A6850F87C
:1014B000083B079003980025A8428DF83750C0F2EA
:1014C000A782012553EA020021F0800840F09480B1
:1014D0000398002840F09E82002D40F0F38111F027
:1014E000010300F0F88130228DF86F2001930DF197
:1014F0006F0434E048F0100111F0200200F0BE81CA
:10150000079B073323F0070318465A6850F8083B37
:10151000079003980025A8428DF83750D2DA884604
:101520004C4603F00701DB0843EA4273D20830312E
:1015300053EA0205204604F8011DF2D118F0010F0C
:101540006DD030296BD0039A0238302304F8013C67
:10155000A9EB00039A42B8BF1A460446019218F05C
:10156000020206923FF494AE019A023201920222E4
:1015700006928DE6079D039B55F8044B00218DF8DC
:101580003710002C00F05E82002BC0F2DF811A467B
:10159000204603F095FB002800F06B82031B9DF8AA
:1015A000372023EAE3710191002A00F052820022E1
:1015B0000795039215E69BF8001048F0200877E5A0
:1015C000079A52F8043B079247F63002ADF83820EC
:1015D000B24A099248F00208002200218DF8371023
:1015E000039900290DDB414653EA02004FF0020542
:1015F00021F080083FF46CAF012D00F05482022DE1
:101600008ED109984C4603F00F011B09415C04F888
:10161000011D43EA0273120953EA0201F3D1039A4E
:10162000A9EB04039A42B8BF1A46019297E70498BF
:10163000019D451B002D7FF75FAE102D984E23DDD9
:1016400006945046089C10279A4604E0103D102D41
:1016500000F1080015DD01321031072AC0E90067EA
:10166000CDE91021F2DD02990FAA204602F026F9F9
:1016700000287FF4F7AD103D102DDDE9102148461C
:10168000E9DC069C5346824601322944072ACDE90B
:101690001021CAF80060CAF8045000F3C58103980D
:1016A000C51A002D0AF1080A7FF72BAE102D7C4ECB
:1016B00026DD03945046089CB24610271E4604E0DF
:1016C000103D102D00F1080016DD0132744B103171
:1016D000072AC0E90037CDE91021F1DD02990FAAF0
:1016E000204602F0EBF800287FF4BCAD103D102D31
:1016F000DDE910214846E8DC039C33465646824625
:1017000001322944072ACDE91021CAF80060CAF83D
:10171000045000F3C9800AF1080AF2E5029908981A
:101720000FAA02F0CBF800287FF49CAD1199CA46AD
:10173000F4E5029908980FAA02F0C0F800283FF4D7
:1017400001AE8FE5102D574E28DDCDE90A745046C5
:101750003746089C029E9A4604E0103D102D00F189
:10176000080016DD013210311023072ACDE91021BF
:1017700007604360F1DD0FAA3146204602F09EF873
:1017800000287FF46FAD103D102DDDE91021484693
:10179000E8DC3E460B9C0A9F5346824601322944B0
:1017A000072ACDE91021CAF80060CAF8045000F3F6
:1017B00021810AF1080A76E5029908980A930FAA8E
:1017C00002F07CF800287FF44DADDDE910210A9B82
:1017D000CA467CE50299089806930FAA02F06EF8B3
:1017E00000287FF43FADDDE91021069BCA4680E565
:1017F000102C109B2B4E1FDD089FDDF80880102554
:1018000004E0103C102C0AF1080A15DD01331031F8
:10181000072BCAE90065CDE91031F2DD0FAA414678
:10182000384602F04BF800287FF41CAD103C102C19
:10183000DDE91031CA46E9DC01332144072BCAE94E
:101840000064CDE910317FF772AD029908980FAAB4
:1018500002F034F800287FF405AD119967E5079888
:1018600050F8043B079011F010007FF423AE11F004
:1018700040023FF41FAE9BB202461BE6079850F8A9
:10188000043B079011F010007FF443AE11F04002CA
:101890003FF43FAE9BB202463BE600BF8802000029
:1018A000E4030000D40300000299089803930FAAF0
:1018B00002F004F800287FF4D5ACDDE91021039B89
:1018C000CA461EE5039B01934C4648E69BF8001070
:1018D0000793FFF7EDBB039A01924C463FE618F0E1
:1018E000100F38D118F0400F35D0079B059A1B68B0
:1018F0001A80ADE54146D0E54146FDE56B4B0993C5
:1019000018F020022CD0079B073323F0070318465A
:101910005A6850F8083B079018F0010F3FF45DAE8D
:1019200053EA02003FF459AE8DF8391030218DF89A
:10193000381000218DF837100399002980F28D802E
:1019400048F002085DE65A4B0993D9E7204601F0BA
:1019500097FE034623E6079B059A1B681A6077E506
:10196000079850F8043B079018F01000D4D118F0F5
:1019700040021CBF9BB20246CEE74E4ECDF804A0FB
:101980004C464FF0050E991841F10001A6FB0107E6
:1019900027F0030000EB9700091A581A9A4694465C
:1019A00062F100034FF0CC3202FB00F206FB03228F
:1019B000A0FB063003F001070244A7FB0E07401806
:1019C000BAF10A0F4FEA530300F130007CF1000C2A
:1019D00043EAC27304F8010D4FEA5202D3D2039ACC
:1019E000DDF804A0A9EB04039A42B8BF1A4601929D
:1019F000FFF7F4BB029908980A930FAA01F05EFF63
:101A000000287FF42FACDDE910210A9BCA464AE486
:101A10008846BAE4012D7FF4F2AD00253023BBE403
:101A200000F06CFBFFF7F9BA0299089806930FAA29
:101A300001F044FF00287FF415ACDDE91021069B7E
:101A4000CA4659E4062B28BF06231B4C0795019371
:101A50001BE4CDE9062503921AE428F0800141F049
:101A60000208CEE5029908980FAA01F027FFFFF7B8
:101A7000F9BB039B93E5002383460393FFF71ABB4F
:101A80004FF0FF330593FFF7F2BB302384E4079B4D
:101A90009BF8011053F8042B079342EAE272834645
:101AA0000392FFF705BB00256FE400BF740200003E
:101AB00088020000CDCCCCCC9C02000010B4044CB9
:101AC00084461346206810BC0A466146FFF798BA60
:101AD0000800002070B50C468989ADF58D6D21F0A8
:101AE0000201ADF80C101AA9009104914FF4806125
:101AF00002910591616E1991E189ADF80E10E169CD
:101B00000791616A09910021069169460646FFF72F
:101B100077FA051E07DB6946304603F00FFF002801
:101B200018BF4FF0FF35BDF80C305B0603D5A38915
:101B300043F04003A38128460DF58D6D70BD00BFB5
:101B400038B52F4B1B6805460C4613B15A6B002A5B
:101B50004BD0B4F90C3018071CD5226922B313F00E
:101B6000010107D0616900204942A060A1613AB13A
:101B7000002038BD980758BF6169A160002AF7D1DD
:101B8000190658BF1046F4D543F04003A3814FF027
:101B9000FF3038BDD9062CD55A0712D4226943F03C
:101BA0000803A381002ADAD103F42071B1F5007F84
:101BB000D5D02146284602F09FFFB4F90C302269A7
:101BC000CDE7216B51B104F14002914204D0284687
:101BD00000F074F8B4F90C3000222263226900216D
:101BE000C4E9002123F02403D9E7184600F086FA5F
:101BF000AFE7092243F040032A60A381C7E700BF93
:101C0000080000202DE9F84306460820894600F028
:101C100051F9DFF89C800546304600F081F9D8F88C
:101C200008305F6827F00307A7F11104A4EB09044B
:101C30002C44B4FBF5F4013C05FB04F4A54208DC9C
:101C40000021304601F058FBD8F808303B44984258
:101C500005D0304600F066F90020BDE8F883614207
:101C6000304601F049FB01300FD0124AD8F8083055
:101C70003F1B47F001075F60136830461B1B136072
:101C800000F050F90120BDE8F8830021304601F052
:101C900033FBD8F80820831A0F2BDADD43F0010359
:101CA0005360054B03491B68C01A0860D1E700BFA9
:101CB000A802002014080020B006002000297CD0D3
:101CC000F8B50C46064600F02BF954F8043C764F64
:101CD000A4F1080523F001016818D7F808C042688C
:101CE000844522F0030200F08380DB07426000EBB2
:101CF000020C33D454F8084CDCF804302D1B21447A
:101D0000AC6807F1080C644503F0010364D0D5F812
:101D10000CE0C4F80CE0CEF80840002B00F0818005
:101D200041F001036B600160B1F5007F22D2786859
:101D3000CB080122490901338A40024357F8331086
:101D40007A6007EBC302083AC5E9021247F833503C
:101D5000CD603046BDE8F84000F0E4B8DCF804306F
:101D6000DB072BD541F00103B1F5007F44F8043CBB
:101D70000160DCD3B1F5206F4FEA512353D28B09B8
:101D800003F1390003F13802C300F818FB58083892
:101D9000984203D161E09B68984204D05A6822F0CF
:101DA00003028A42F7D8D868C5E902308560DD6051
:101DB0003046BDE8F84000F0B5B87047114407F16F
:101DC000080C836863453FD0C268DA60936041F0D5
:101DD00001036B606950A7E7002B5FD10A44D0E98B
:101DE0000213CB60996042F001036B60AA50B0E728
:101DF0000A44D90707D454F8083CED1A1A44D5E927
:101E00000213CB60996042F001036B60274BBD6009
:101E10001B6893429DD8264B30461968FFF7F2FEA7
:101E200097E71144CDE7142B08D9542B1DD80B0B81
:101E300003F16F0003F16E02C300A6E703F15C003B
:101E400003F15B02C300A0E741F00103C7E90455B9
:101E5000C5E902CC6B6069507BE779689210012478
:101E600004FA02F20A437A609EE7B3F5AA7F06D825
:101E7000CB0B03F1780003F17702C30085E740F252
:101E80005452934206D88B0C03F17D0003F17C027F
:101E9000C3007AE74FF47E737E2276E741F00103B8
:101EA0006B60016055E700BFA8020020B406002067
:101EB00010080020082802D14FF48050704708B560
:101EC00003F0BCFD162303604FF0FF3008BD00BFD8
:101ED00070B50F4B0F4DAB42A3EB050607D0B61004
:101EE000002455F8043B01349847A642F9D809F07C
:101EF000F3FA094D094B5E1BAB424FEAA60606D02A
:101F0000002455F8043B01349847A642F9D870BD27
:101F1000E4B40000E4B40000E4B40000ECB4000059
:101F2000704700BF704700BF00207047024A034956
:101F3000034801F01FBD00BF30010020D96200003E
:101F4000100000200C4B4168994210B5044601D0A6
:101F500004F0C2F9A168094B994202D0204604F06E
:101F6000BBF9E168064B994204D02046BDE8104019
:101F700004F0B2B910BD00BFD40600203C07002019
:101F8000A4070020002070472DE9F8432A4C2B4974
:101F9000DFF8AC90DFF8AC802B4FC4F83811002587
:101FA00004230822294604F15C00284EE360C4E9BA
:101FB0000055C4E90455A5606566A561FEF7AAFF52
:101FC000234B63670822294604F1C400C4E907498A
:101FD000C4E90987C4E91A55C4E91E552567C4F840
:101FE000CC50C4F88050E662FEF794FF194BC4F859
:101FF000DC30294604F16803082204F59670C4F821
:102000008430C4E92298C4E92476C4E93455C4E98B
:102010003855C4F8D850C4F83451C4F8E850FEF725
:1020200079FF04F1D003C4E93C98C4E93E76C4F8D2
:10203000EC30BDE8F88300BFD40600202D1F00005F
:1020400091650000B9650000F96500001D6600009B
:102050000900010012000200F8B5254BD3F8383111
:102060000646002B3CD0234FD7E90134013B04D571
:102070001DE05A1C04F1680419D0B4F90C50013B5E
:10208000002DF6D11C4BE360C4E90155C4E90455A9
:1020900065662560A5610822294604F15C00FEF70B
:1020A00039FFC4E90C55C4E911552046F8BD3D6817
:1020B0000DB12F46D8E74FF4D671304603F0A8FD96
:1020C000044680B10423C0E900530C302946A060C7
:1020D0004FF4D0722546FEF71DFF3C602F46C3E744
:1020E000FFF752FFBFE70C2338603360DDE700BF26
:1020F000D4060020300100200100FFFF436B03B134
:102100007047044B044AD3F838314263002BF7D1AF
:102110003AE700BFD4060020451F0000704700BF0B
:10212000704700BF024A0349002001F023BC00BFF2
:1021300030010020291F0000024A0349002001F05D
:1021400019BC00BF30010020851F00000FB400B58E
:10215000074983B004AB086853F8042B4168019326
:1021600001F0B0F803B05DF804EB04B0704700BFB5
:10217000080000200EB400B582B003AB416853F8EC
:10218000042B019301F09EF802B05DF804EB03B05C
:10219000704700BF08B50021044604F0FDF8034B6A
:1021A0001B6803B19847204609F094F90C080020F9
:1021B000002301461A46184604F080BA2DE9F04F74
:1021C0008946ADF52F7D80460693B9F90C30496EEE
:1021D000980407D443F4005321F40051A9F80C30BB
:1021E000C9F864108B04C1F3403000F1C08016467A
:1021F00016F8013B1193002B00F0F986DFF8C8A117
:102200000A90864604908346039007901AF803408C
:1022100014F008046FD1252B5DD131782246A1F14D
:102220002503701C532B61D8DFE813F054006000C5
:102230006000600060004F046000600060006000AB
:102240006000A500A500A500A500A500A500A500AB
:10225000A500A500A50060006000600060006000AF
:1022600060006000600060006000BF03B0006000BC
:10227000B00060006000600060003B04600060002F
:10228000B3036000600060006000600060006000F8
:1022900060008C0360006000440460006000600027
:1022A0006000600060006000C803D203B000B000AE
:1022B000B000D403DC036000600016046000220458
:1022C0007906370460006000BC0360007B06600094
:1022D00060008C030646D9F80430002B3BDDD9F8AA
:1022E000003016F8012C1978914221D003980DF591
:1022F0002F7DBDE8F08FD9F804200FE0D9F8003029
:102300001A781AF80220170703F101030ED5D9F83D
:102310000420013AC9E900320BF1010B002AEDDC7F
:102320004946404604F00AFA0028E7D002960AE03F
:102330000133C9F80030D9F804300296013B0BF1A3
:10234000010BC9F80430029E16F8013B1193002BD3
:102350007FF45CAFCAE74946404604F0EFF9002835
:10236000BDD0039B1BB1B9F80C305B06BED54FF056
:10237000FF330393BAE714F08F0FB7D102EB820259
:1023800001EB4202303A7178064648E70290042594
:10239000D9F80430002B00F33283494640460592B9
:1023A00004F0CCF90028DCD114F0400F059A00F0BD
:1023B00026836B1E032B00F2AA86DFE813F0B00120
:1023C0006B01B300070000BF69050000404605929D
:1023D00001F0F4FA059A03680C93531EB3F5AE7F2F
:1023E00044F4F06440F289846FF4AE7153180F9393
:1023F00040F25D12002556ABCDE90D552E460B95EA
:10240000CDF820804946A846A9461F46254609938F
:1024100014460A681078A0F12B0CBCF14E0F50D86E
:10242000DFE81CF037024F0037024F004F008102F7
:1024300078007800780078007800780078007800DC
:1024400078004F004F004F004F004F004F004F00EB
:102450003D027600760076001B0210024F004F000E
:10246000C0014F004F004F004F006C024F00690247
:102470004F004F004F0064024F004F004F004F02CB
:102480004A024F004F004F004F004F004F004F00D7
:102490003D027600760076001B0210024F004F00CE
:1024A000C0014F004F004F004F006C024F00690207
:1024B0004F004F004F0064024F004F004F004F028B
:1024C0004A020C9B93F800C0844514D1AB0512D589
:1024D00025F42075CDF82C8007F8010B013C4868E5
:1024E000013800280BF1010B486040F303830132EF
:1024F0000A60002C8DD143462C46DDF820803546FD
:102500004E468946002B00F0618124F480745DE121
:102510002B05F0D519EB060CEDD1664625F4C075F8
:10252000E146D9E7531EB3F5AE7F88BF6FF4AE71B5
:102530004FF000068CBF5718002756AB88BF40F2FB
:102540005D124946D946B346049E059744F4586443
:1025500009931D461746086890F800C0ACF12B039C
:102560004D2B5FD8DFE813F00F025E000F025E0014
:102570005E00B902180118011801180118011801AC
:102580001801080208025E005E005E005E005E0048
:102590005E005E004E004E004E004E004E004E00AB
:1025A0005E005E005E005E005E005E005E005E003B
:1025B0005E005E005E005E005E005E005E005E002B
:1025C0005E00FC015E005E005E005E005E005E007C
:1025D0005E005E004E004E004E004E004E004E006B
:1025E0005E005E005E005E005E005E005E005E00FB
:1025F0005E005E005E005E005E005E005E005E00EB
:102600005E00FC010A2E0DDD24F4386405F801CBD0
:102610004B68013B002B4B6040F37882013008602F
:10262000013F98D104965E46CB468946E10507D521
:10263000099B9D4200F2B484099B9D423FF456AE33
:1026400014F0100240F07282049B079F09992A70CF
:102650004046B847069BA20603F1040700F16082DA
:10266000630700F17C8414F0010240F05882A40753
:1026700040F15582B84B079999424046049B09990D
:1026800000F0208500F0C6FF0B46069A1168C1E9EC
:10269000000347E2D9F800100B78002A1AF803303B
:1026A00008BF4FF0FF32E00704F0100603F0080304
:1026B00000F17282002E00F02A83002B7FF443AEDB
:1026C000D9F804300131013B012AC9F80010C9F8DA
:1026D000043008BF0BF1010B3FF435AE0124154661
:1026E00013E0D9F800301A781AF80220160703F11F
:1026F000010312D4C9F80030D9F804300134013B89
:10270000A542C9F8043000F05D84002BE9DC49469D
:10271000404604F013F80028E3D0A34413E6002A4F
:1027200008BF4FF0FF3204F01003E0070B9300F1F5
:102730002D83D9F800000B99037816ACE35C0029CF
:1027400000F09282002B3FF4D1ADD9F80430013073
:10275000013B012AC9F80000C9F8043018BF164629
:1027600010D117E0D9F800301A78A25C01338AB191
:10277000C9F80030D9F804300135013BAE42C9F840
:10278000043007D0002BEDDC4946404603F0D6FF6D
:102790000028E7D0AB44D6E5704B24F4386433F915
:1027A000166033E7002E40F0C681B8F1000F40F00C
:1027B0009C8205F4E06CBCF5E06F00F01B84DDF852
:1027C00020802C46002335464E468946013E012E88
:1027D00040F25A846A1E062A40F25B83E00540F10B
:1027E000B881610500F15E8417F8011C652907F1C5
:1027F000FF350BF1FF3602D0452940F086834A466B
:10280000404600F0C5FD14F0100340F074832B70B7
:10281000B3460D9B002B40F0AC8300220999404643
:1028200002F098F8069BE20706460F4603F10405FE
:1028300040F14E831B68C3E90067039B0695013393
:10284000039380E52B0503D519EB060C3FF465AE29
:10285000022E7FF450AE03263EE62B053FF55AAE1E
:1028600005F4A06CBCF5806F05D06B057FF543AE19
:10287000B8F1000FA3D0AB0504D40B9BA8EB030366
:10288000CDE90D3725F4786545F4C0754FF00008A3
:1028900022E62B067FF52FAE25F080051CE62B05E2
:1028A00003D519EB060C3FF438AEB9F1010F7FF4F4
:1028B00022AE4FF002090FE6072E7FF41CAE082669
:1028C0000AE605F4186CBCF5807F7FF414AEB8F10D
:1028D000010F7FF410AE25F48075302307F8013B1B
:1028E00045F40065013C4FF00008F5E5062E7FF445
:1028F00002AE0726F0E52B05B2D4FCE5B9F1000FD6
:1029000040F02081B8F1000F05D105F4E06CBCF572
:10291000E06F00F07483012E02D0042E7FF4EBAD43
:102920000136F6B2D8E5EB057FF5F4AD0F9B25F047
:10293000800508F10108002B3FF4D0AD0F9B013B4F
:102940000F93CCE5029044F40074034B07931023DB
:10295000049303251CE500BFA1570000F403000009
:1029600004F4C063B3F5007F7FF45CAE24F400741C
:1029700044F4A064102649E6834B33F91660082E10
:102980003FF742AE4EE623067FF54CAE24F08004BE
:102990003CE6029044F001047C4B07930823049327
:1029A0000325F5E402900225F2E4029044F00104CC
:1029B000774B07930A2304930325E9E4029044F03C
:1029C00040040025D9F80430002B3FF7F2ACE4E4D2
:1029D0000290EDE723077FF489AC717844F004049A
:1029E00006461CE4D9F804300290002B684B07938C
:1029F0004FF0000304934FF003057FF7CEACD9F8F6
:102A000000100B781AF8033018077FF5D2AC164681
:102A10000A4606E0C9F8002013781AF803301907AF
:102A200018D5D9F80430013B002B0BF1010BC9F884
:102A3000043002F10102EDDC4946404603F07EFE1F
:102A400000287FF48EACD9F8002013781AF80330F0
:102A50001907E6D43246ACE425077FF447AC717819
:102A60006C2900F0A68244F001040646FFF7D7BBAC
:102A7000E70602903FF567AC069B660753F8042B08
:102A800000F17482E507C2F800B004D4A40702D5AF
:102A90004FEAEB715160069355E4029044F40874D8
:102AA00053E721077FF422AC717844F00204064614
:102AB000FFF7B5BB014616A8059200F00FFF44F0E2
:102AC0004004059A029001257CE722437FF40EAC76
:102AD000717810240646FFF7A2BB23057FF596AD5B
:102AE00016B944F400740826620540F1C78124F445
:102AF000B0648BE50898059103F020FE0599002845
:102B00007FF4F9AC002C7FF484ACF4E440460491EB
:102B100003F014FE049900283FF482AD82E5069B81
:102B20001B681860039B069701330393099BED1AFA
:102B30003544AB4407E4032E3FF4F2AE052E3FF4D8
:102B4000EFAED8E4B9F1020F7FF4E5AE4FF0030920
:102B5000C2E414F010027FF4F6AB3A7004F4C062E1
:102B6000B2F5806F7FF455AE0B9A9A423FF455AEA2
:102B7000D21A0DF2AB239F4228BF0DF2AA270549B6
:102B8000384604F0CFF948E6F4030000A1570000EE
:102B9000A5620000A4020000002E40F0AF81069F55
:102BA00057F804CB002B56D10025CDE905672B46FD
:102BB000644615461A46089202F05CF8089A90425C
:102BC0003FF4CFABD9E9003156A80646099013F877
:102BD000010BB0540139C9E900310A9B032B02F102
:102BE000010714AE02D13368042B04D0082200215F
:102BF0003046FEF78FF9099A00963B46214640463B
:102C000003F014FD421C0A903FF4ABAB002840F0E7
:102C1000DC81206003F006FD002840F01E82BB44EA
:102C2000013D059B002B40F0F08104341A46D9F891
:102C30000430002B40F3FF81D9F800301B781AF8DC
:102C400003301F0701D4002DB5D1DDE90567A44687
:102C5000002E40F0B481039B0697013303930023B9
:102C6000CCF80030FFF76FBB069F57F8041B002B12
:102C70003FF43CABD9F80430013BC9F80430431CA5
:102C8000C9F800300E46037806F8013B012A23D02C
:102C90008D18059111E0D9F800100B78E35C83B32F
:102CA000D9F80430013BC9F804304B1CC9F8003096
:102CB0000B7806F8013BAE4223D0D9F80430002B44
:102CC000E9DC4946404603F039FD0028E3D0059988
:102CD000B1423FF446AB751A039B06970133039349
:102CE0000023AB443370FFF72EBB2C4643463546DA
:102CF000DDF820804E46894607E400230F93FFF756
:102D000079BB0599751A002DE6D1FFF7EFBA069F3A
:102D100057F8046B002B40F0D381D9F80430013B05
:102D2000C9F804304B1CC9F8003034460B7804F85D
:102D3000013B012A00F0CB81B51813E0D9F800302F
:102D40001A781AF80220100716D4D9F80420013A8C
:102D5000C9F804205A1CC9F800201B7804F8013B6C
:102D6000AC4209D0D9F80430002BE7DC4946404694
:102D700003F0E4FC0028E1D0A61BB344039B0697B4
:102D80000133039300232370FFF7DDBA002B40F0DB
:102D9000E480069B53F8047B06930A9CCDF820B090
:102DA00000259346CDF8148001F064FFA8423FF45B
:102DB000D8AAD9E9003256A813F8011B4155013AA7
:102DC000032CC9E9003205F101050DF1480803D1D2
:102DD000D8F80030042B04D0082200214046FEF72A
:102DE00099F839460598CDF800802B4656AA03F08D
:102DF0001DFC411C04463FF4B4AA002840F0C380E7
:102E00003860064614AB0822002118460993FEF7E5
:102E100081F8B449099B05983246D1F8E06010A9C1
:102E2000B04701280CBF9DF84060002616AB9B5DA3
:102E3000002B00F0EC80089B032C2B44089300F03F
:102E4000A9800BF1FF3B0B9B03B90437D9F8043081
:102E5000002B4FF0000571DDBBF1000FA4D1DDF8B0
:102E600020B0DDF814800A940B9B002B7FF46BAA32
:102E70003B60039B01330393FFF765BA059B24F482
:102E8000607413B1013B059301370BF1010BFFF7A0
:102E9000BFBB022D40F22C81032D3FF49FAC043DBB
:102EA000EEB2F5433D4405943C4637461E4614F8C1
:102EB000011D4A46404600F06BFAAC42F7D133465A
:102EC0000BF1FF3B3E46ABEB060B2746059C85E42A
:102ED000069BA2071B68059345D402460B4607F0E4
:102EE000D3FF002840F0F6803046394608F02AF833
:102EF000059B1860A1E4B346FFF725BA002B7FF4C9
:102F000022AA069F0DF1440C4EE64A46404600F0C8
:102F10003FFAABF1020617F8021CBD1E6FE40290E7
:102F20003AE5714B07930A23029004930325FFF7B8
:102F30002FBAD9F80430002B3FF736AF0598494631
:102F400003F0FCFB002887D0DDF820B0DDF814800A
:102F50000A94002D88D0FFF704BA11AF1DE7069B35
:102F60001B681880DEE5C3E9006766E4A2F800B0DC
:102F700091E50E9F0A230022791C404603F092F946
:102F80000D9BC21AF5E5821CD3D03E68731C7FF4FA
:102F900039AF4BE7D8F80030042B7FF452AF52E73B
:102FA00015F8011C4A464046013D00F0F1F9FFF7D3
:102FB00043BBB17844F002040236FFF730B90697FC
:102FC000FFF7C1B9AB44FFF7BEB90A9B023342D049
:102FD000206803F027FB00283FD10A9B032BBB444A
:102FE0007FF41EAE3368042B7FF41AAE19E6039308
:102FF000FFF77CB925F4F0650126FFF76DBA25F4DB
:10300000F0654FF00109FFF767BA00220FE6DDF81F
:1030100020B0DDF814800A94002D3FF425AF56ABA4
:103020005C19013D14F8011D4A46404600F0B0F914
:10303000002DF6D118E749464046089203F07EFB82
:10304000089A00283FF4F8ADDDE90567A446002A98
:103050007FF487A9FCE53A46E9E53D46A446DDE96B
:103060000567002D3FF4F4AD099CCDF814C02C4445
:10307000013D14F8011D4A46404600F089F9002D33
:10308000F6D1DDF814C0E3E5099CA7427FF62EA92E
:1030900017F8011D4A46404600F07AF9A742F7D1D9
:1030A000FFF724B9099CA7427FF620A917F8011D54
:1030B0004A46404600F06CF9A742F7D1FFF716B92F
:1030C00034465BE602F08AFD0B46FFF7DEBA0BF1F1
:1030D000010B53E6054800F0DBF9059B1860FFF78C
:1030E000ACBB00BF3C010020A157000070020000F3
:1030F000099B9F427FF6FAA817F8011D4A464046F1
:1031000000F046F9099B9F42F6D1FFF7EFB8012A7C
:1031100038BF012204F0100714F00104164615D13F
:10312000002F6BD1069C134654F8041BCDF8009079
:103130000122404600F010FB00283FF412A9039B37
:103140000694013383440393FFF7FDB8002F46D064
:103150000023059300252C460A9DCDF8208001F020
:1031600089FDA0423FF4FDA8D9E9003156AA13F821
:10317000010B10550139032D04F10108C9E9003193
:1031800014AC02D12268042A04D00822002120466F
:10319000FDF7C0FE56AA059908980094434603F02F
:1031A00045FA421C05463FF4DCA800283CD1C34444
:1031B000013E27B9059B1F60059B04330593D9F891
:1031C0000430002B4FF000043FDD002EC7D1DDF8A6
:1031D00020800A95002F3FF44CAEFFF7B4B8069B51
:1031E00053F8042BCDE90523B4E7C9F80010404695
:1031F00049461C44F61A03F0A1FA78B9D9E900232C
:103200009E4202EB0301F0DC9B1B32443444C9F8BC
:103210000430C9F80020A344FFF795B8002C3FF410
:10322000A0A8A344FFF78FB8831C09D00328C34488
:1032300002D12368042B00D0013E002FBCD0BEE792
:10324000D9F804100029444689DC0898494603F05F
:1032500075FA0028B9D0DDF820800A95002C7FF49B
:1032600080A8002F3FF405AEFFF76DB830B50E4BC8
:103270000446186883B00D46134608B1426B32B15C
:103280002A46214603B0BDE83040FEF797BFCDE99E
:103290000003FEF733FFDDE900032A46214603B0B1
:1032A000BDE83040FEF78ABF0800002010B4044C8F
:1032B00084461346206810BC0A466146FEF77EBF6E
:1032C0000800002030B5044685B008B1456B2DB12B
:1032D000204605B0BDE83040FEF770BFCDE90223BF
:1032E0000191FEF70BFFDDE902230199204605B0AD
:1032F000BDE83040FEF762BF38B5074D00220446F6
:1033000008462A6008F0D8F8431C00D038BD2B6866
:10331000002BFBD0236038BD4808002001F140039A
:103320002DE9F0410C46096B994214D0666B770089
:103330003A4603F07DFA054630B300EB0608014635
:103340003246404603F08AF8C4E90C57C4F80080BE
:103350000020BDE8F0814FF4806102F059FC98B183
:1033600094F842304FF48062C4E90C0280F8FF33D5
:1033700094F8413080F8FE3394F8402080F8FD2323
:1033800000F2FD332360E3E74FF0FF30E1E700BFD9
:1033900070B54C1C2BD00E460546144610B1436B3D
:1033A000002B4CD0B4F90C3023F020025807A28136
:1033B00006D4D9061BD51B0734D442F00402A281DF
:1033C000226B6368F6B2AAB1626B9A4209DD236888
:1033D0005A1E226003F8016C636801336360304653
:1033E00070BD21462846FFF799FF0028EFD04FF027
:1033F000FF36F4E7226921682AB18A4203D211F824
:10340000012CB2421ED02246C4E90E1304F1400042
:1034100003232063636302F8426F0123C4E900239E
:10342000304670BD2146284602F088FA0028DED1D9
:10343000B4F90C20A06022F00802A061BDE7FEF7FD
:103440005DFEAFE701390133C4E90013C7E700BFF0
:1034500010B4044C03460A46206810BC1946FFF716
:1034600097BF00BF0800002038B5074D074C2C1B44
:10347000A41005D0013C55F8043D9847002CF9D123
:10348000BDE8384008F032B8FCB40000F8B40000E1
:10349000004870470000C07F2DE9F04F85B092468C
:1034A0005B4A039089461E460D46294615F8014B96
:1034B000135D13F00803F8D12D2C7DD02B2C41D0B7
:1034C00002934FF0FF326FF00043CDE90023002E4E
:1034D00043D1302C79D00A27B0463E46DDE90001C1
:1034E0003A46434607F00AFE00238E4683461946B5
:1034F0001846A44610E08E4508BF83454CD000FB1B
:1035000008F307FB0133A0FB07010B44201843EB32
:10351000E471012315F801CBACF13004092C05D975
:10352000ACF14104192C1ED8ACF13704A64222DDBF
:10353000B3F1FF3FEED083457EEB0103DBD24FF0CA
:10354000FF33E7E72C7802938D1C6FF000434FF0B8
:10355000FF31CDE90013002EBBD0102E3ED03746F0
:103560004FEAE678BAE7ACF16104192C03D8ACF164
:103570005704A642DCDC5A1C13D0029A12B1404216
:1035800061EB4101BAF1000F03D0002B3DD1CAF825
:10359000009005B0BDE8F08FA242B0DA4FF0FF33E3
:1035A000B8E7039A22231360BAF1000F28D0DDE9AF
:1035B000000105F1FF39EAE700934FF000400123D5
:1035C0002C78CDE901038D1C81E72B7803F0DF0314
:1035D000582B0ED00827B0463E467FE7302C03D04C
:1035E00037464FF0000879E72B7803F0DF03582BBC
:1035F000F6D110276C784FF0000802353E466DE793
:10360000DDE9000105B0BDE8F08FCDE90001CEE7AE
:103610006905000040E700BF10B4044C844613461F
:10362000206810BC0A46614636E700BF080000204B
:1036300010B4044C84461346206810BC0A46614608
:103640002AE700BF08000020000000000000000082
:10365000000000000000000000000000000000006A
:10366000000000000000000000000000000000005A
:10367000000000000000000000000000000000004A
:1036800030B490F800F020F007016FF0000C10F05B
:10369000070491F820F040F048804FF000046FF0EC
:1036A0000700D1E9002391F840F000F1080082FA08
:1036B0004CF2A4FA8CF283FA4CF3A2FA8CF34BBBD3
:1036C000D1E9022382FA4CF200F10800A4FA8CF24C
:1036D00083FA4CF3A2FA8CF3E3B9D1E9042382FA1A
:1036E0004CF200F10800A4FA8CF283FA4CF3A2FA2F
:1036F0008CF37BB9D1E9062301F1200182FA4CF267
:1037000000F10800A4FA8CF283FA4CF3A2FA8CF3CD
:10371000002BC6D0002A04BF04301A4612BAB2FAEF
:1037200082F200EBD20030BC7047D1E9002304F0F4
:103730000305C4F100004FEAC50514F0040F91F829
:1037400040F00CFA05F562EA05021CBF63EA0503C6
:1037500062464FF00004AAE72DE9F04F83B002FB68
:1037600003FA0C9C0093BAF1000F43D09146074630
:103770008B4610B1436B002B40D0B4F90C20636E24
:10378000900405D442F4005223F40053A2816366EE
:103790009904C3F340322DD46568A3892168002DB4
:1037A000AEBF2A46626015469B072AD4564610E0F3
:1037B00002F054FE23682B44214623603846AB4474
:1037C000A6EB050802F0BAFF002856D1D4E900158F
:1037D0004646B5422A465846EAD3324602F03EFEF5
:1037E000D4E90031891B3344C4E90031009803B0A7
:1037F000BDE8F08F002003B0BDE8F08FFEF77EFC3F
:10380000BBE7524528BF52465846154602F026FEF1
:103810002368216B2B44236063685B1B6360AAEB06
:10382000050859B1B8F1000FE0D004F14003994206
:1038300002D03846FEF742FA002323635D44464631
:10384000CDF80490002ED1D0D4F81090D4F8008098
:10385000D4F814B02560C4E904562146384602F075
:103860006DFF6368C4F8008000226260C4E9049BB5
:103870001D44F21A48B91646E4E705EB0A00801B1E
:10388000B0FBF9F003B0BDE8F08F03EB0A00DDF800
:103890000490801BB0FBF9F0ADE700BF10B5064CFB
:1038A00082B084462068009313460A466146FFF7BB
:1038B00053FF02B010BD00BF08000020936810B590
:1038C00014461BB918460023636010BD03F090F93D
:1038D0000023A3600023636010BD00BF70B50C78A7
:1038E0005E2C864624D00023481C9C46002263F3AD
:1038F000070263F30F2263F3174263F31F620EF5AF
:103900008071734643F8042B8B42FBD174B18CF069
:1039100001010EF80410451C15F8013C2D2B0ED0AA
:103920005D2B0AD01BB11C462846F2E7013870BD5A
:1039300001234C78881C9C46D8E7284670BD90F837
:1039400001C0BCF15D0FEED06445ECDC661C0230BA
:103950000EEB060202F8011BA2EB0E03013B9C4595
:10396000F8DCACEB0403013B6445A8BF002302353F
:10397000F418D1E72DE9F8430746884616464FF07C
:103980000009D6E90154013D10D4A389012B08D9BF
:10399000B4F90E3001332146384602D0C04749EA17
:1039A0000009013D6B1C04F16804EED13668002E5D
:1039B000E7D14846BDE8F883F030704700487047CB
:1039C0002C020020004870472C020020000000005C
:1039D0002DE9F04F9FB00E46002107921A91002268
:1039E0000021CDE90412834631461991884611F829
:1039F000012B2D2A5ED801A050F822F0D13B000007
:103A0000B53A0000B53A0000B53A0000B53A0000FA
:103A1000B53A0000B53A0000B53A0000B53A0000EA
:103A2000EB390000EB390000EB390000EB39000006
:103A3000EB390000B53A0000B53A0000B53A000095
:103A4000B53A0000B53A0000B53A0000B53A0000BA
:103A5000B53A0000B53A0000B53A0000B53A0000AA
:103A6000B53A0000B53A0000B53A0000B53A00009A
:103A7000B53A0000B53A0000B53A0000EB39000055
:103A8000B53A0000B53A0000B53A0000B53A00007A
:103A9000B53A0000B53A0000B53A0000B53A00006A
:103AA000B53A0000B53A00004F410000B53A0000B9
:103AB0006741000000210891302A00F095804FF006
:103AC000000A2F2A174640F2E8844FF000094046CA
:103AD0004D464C4613E00130082C1990C8BF09EB45
:103AE00089090778C6BF02EB4902A2F13009A3F1A8
:103AF00030052F2F04F101043A4640F3B88005EB5E
:103B00008503392F02EB4303E5DDAE49012201F0C5
:103B10004FFF00287DD1199A1346013219925F7820
:103B2000002C40F07985302F40F0738513461846FD
:103B3000013319931F78302FF9D0C2F101021044DC
:103B4000A7F13103082B37D8431CDDF864800E93AE
:103B50000023A7F1300E01244746099305EB8505A4
:103B60000EEB450500207B1C19937F78A7F13002EE
:103B7000092A00F2DE82199F01309646002AF2D00F
:103B80000128D8BF04F1010C40F3C08600EB040CFF
:103B90000CF1FF3103E05D00A14200F0B786082C74
:103BA00005EB850304F10104F5DD102CDCBF09EB06
:103BB00089094FEA4909EFE7652F40F0D7820023D2
:103BC0000122CDE909320E935AEA000340F0BD828A
:103BD000079B4FF000084FF0000903B11E604046FC
:103BE00049461FB0BDE8F08F98F8012002F0DF02CF
:103BF000582A18BF434600F00D84013319931A78F0
:103C0000302AFAD09846002A00F07B824FF0010A51
:103C100057E7002009940E900A90652F34D0452F65
:103C200032D000230F93002C77D15AEA000040F0E5
:103C300068820A9B002BCBD1692F00F05A8400F3D5
:103C40005384492F00F055844E2FC1D15E4919A8E5
:103C500003F08AF90028BBD0199B1B78282B00F0B1
:103C600058855A4803F092FA804689464DE25549F4
:103C7000012201F09DFE0028CBD1199B09945A1C0A
:103C800019925F780E9071E7002C9DD0199E731CDD
:103C9000199377782B2F00F055822D2F00F04C824E
:103CA0004FF0000CA7F13001092900F23E82302FBD
:103CB000199B0AD1013319931F78302FFAD0A7F13D
:103CC0003102082AADD8A7F130015A1C19925F7849
:103CD0002F2F40F3F58396460B9308E0013219929B
:103CE0009EF801702F2FA3F1300106DD964601EBFF
:103CF0008103392F07EB4303F0DD0B9BD21A082A0F
:103D000040F3DE8344F61F630F93BCF1000F8AD0AB
:103D10000F9B5B420F93002C87D0099A1346002A11
:103D200008BF23460993DDE90E23102CA3EB020301
:103D300028460B93A246A8BF4FF0100A06F090FD4C
:103D4000092C02460B46CDE9042315DD204B03EB7D
:103D5000CA0353E9122306F0FDFD064648460F4606
:103D600006F07EFD02460B463046394606F03CFC26
:103D70000F2CCDE904012DDC0B9B002B00F01A83E6
:103D80000B9B40F34F82162B40F3A1830B9AC4F197
:103D9000250393421EDB0E4DC4F10F0405EBC40155
:103DA000DDE90423D1E9000106F0D4FD0B9B1C1BC7
:103DB00005EBC405D5E9002306F0CCFD8046894615
:103DC000A3E100BFAC020000BC02000070020000D2
:103DD000800600000B9BA4EB0A0A9A44BAF1000F7C
:103DE00040F3CA811AF00F000AD0354901EBC00137
:103DF000DDE90423D1E9000106F0ACFDCDE90401C1
:103E00003AF00F0A3FD0BAF59A7F00F38983BAF1EE
:103E1000100F4FEA2A16DFF8ACA040F3C284DDE9A8
:103E20000401002357469946F20704D5D7E9002339
:103E300006F090FD01237610012E09F1010907F12A
:103E40000807F1D10BB1CDE90401059BA3F154732F
:103E500005930AEBC90ADDE90423DAE9000106F05B
:103E600079FD194BCDE904010B400A4617498B42F5
:103E700000F2568316498B4240F22884154B4FF0CE
:103E8000FF32CDE9042300230A93099A00952346C3
:103E90004146584603F026FA1490002800F040836B
:103EA000DDE90E329B1A0B9A002AA8BF00230E935D
:103EB0004FF0000A22EAE273CDF824A01593E0E067
:103EC00080060000700700000000F07F0000A07C6A
:103ED0000000907CFFFFEF7FD21A1F2AA4EB0204A0
:103EE00000F32E8201239340984600250A9B264426
:103EF0003C44A7421E443B46A8BF2346B342A8BF4A
:103F00003346002B02DDE41AF61AFF1A0E9B002B33
:103F100000F3BC81002C00F3D2810B9B002B00F33B
:103F20000582002E00F3F681002F08DD51463A4647
:103F3000584603F0C1FB8246002800F0F4811A992C
:103F40004A46584603F050FC0990002800F0EB81E7
:103F5000099A0023D1680F91D360514603F024FCE5
:103F60000028C0F2E983059F00F063830998514659
:103F700003F0DAFD00224FF0804304460D4606F0C0
:103F800065FF002800F072810F9B002B40F0E48158
:103F9000049B002B40F06D82C7F31303002B40F00D
:103FA0000C82AB4B00222046294606F045FF002834
:103FB00040F03683A74B20462946002206F0CAFC73
:103FC00003460C46CDE9123401F100430C900D93E9
:103FD000A14EA24B3E409E42DDE90C4500F0C3815C
:103FE0000A9B23B3B6F1D46F21D8DDE9127896A3EA
:103FF000D3E900233846414606F028FFA0B14146E8
:10400000384606F07FFF012838BF012006F028FC63
:104010000F9BCDE91201002B40F0AA8201F1004371
:1040200016901793DDE9164505F1D6639D1BDDE972
:1040300010783846414603F093FC02460B46204672
:10404000294606F087FC3A46434606F0CDFACDE90C
:1040500004010C460A9B23B97F4B23409E4200F08B
:10406000B5811A99584603F0E3F84946584603F0DB
:10407000DFF85146584603F0DBF80999584603F03B
:10408000D7F8149C5846616803F0ACF881460028C4
:1040900000F049812269023204F10C0192000C30D7
:1040A00002F0DCF91CAB01931BAB0093DDE9043497
:1040B0005846CDE910341A46234603F0D7FC1A902F
:1040C000002800F005810121584603F0B7F9824627
:1040D000002800F028811B9B002BC0F217810E9A4C
:1040E000159E9F180A9A1C9C9B1A23445C4A013B0C
:1040F0009342C4F13604FFF6EFAE01230025984643
:10410000F4E64FF000084FF00009079A0AB1199B36
:104110001360089B002B3FF462AD09F10043994600
:10412000404649461FB0BDE8F08F002319960F9313
:1041300079E501230A9370E54FF0010CB31C199344
:10414000B778AFE54FF0000CF8E700249EE50022B9
:10415000089208F10101199198F80120002A3FF412
:1041600037AD8846A8E401220892F2E7452F3FF4D4
:1041700026AD01230A9358E53FF485AECAF1000647
:1041800016F00F020AD0374B03EBC203DDE904013E
:10419000D3E9002306F008FDCDE9040136113FF410
:1041A00072AE1F2E36DC16F01003DDE9040118BFD5
:1041B0006A232D4F0A930023F20704D5D7E9002381
:1041C00006F0C8FB0123761007F10807F4D10BB104
:1041D000CDE904010A9BA3B1DDE90401C1F30A5250
:1041E000C2F16B03002B0ADD1F2B40F31383002069
:1041F000342B049040F34D834FF05C7305936A2396
:104200000A93DDE904010022002306F00BFE0028DA
:104210003FF43BAE2223CBF800304FF000084FF0C4
:10422000000972E71633FFF6D5ADDDE90E329A1AB2
:104230000C4B03EBC203DDE90401D3E9002306F0D4
:10424000B3FC8046894660E70000C0FFFFFFDF4106
:104250000000F03F0000E03F0000F07F0000E07F42
:1042600002FCFFFF8006000040040000B44B204623
:104270002946002206F06EFB0F9BCDE91201002BB0
:1042800065D101F100430C900D93A1E651461A4609
:10429000584603F0B7F98246002844D001461A9ADE
:1042A000584603F0F9F800283DD00F901A99584667
:1042B00002F0BEFF0F9B1A93002C7FF72EAE1A99C7
:1042C0002246584603F0F8F91A9000287FF425AEEC
:1042D0004F4605462223DFF86C92CBF800304FF0B2
:1042E00000082946584602F0A3FF3946584602F016
:1042F0009FFF5146584602F09BFF1499584602F022
:1043000097FF0999584602F093FFFEE6159A0E9F13
:10431000D61AE7E649463246584603F0CDF98146BB
:1043200000287FF401AE1A9D4F46D3E74946159AFF
:10433000584603F067F9814600287FF4F2ADF2E7B2
:10434000814AD31A012202FA03F59046CEE5DDE94F
:104350001234CDE90C343BE67C4C0023CDE90C341F
:10436000CDE9123434E6A7F154730593DDE9044531
:104370002046294603F0F4FADDE90C2306F0EAFAB8
:104380002B46224606F030F96E4F714B0F409F428C
:10439000CDE904017DD9DDE9100103F1547399429F
:1043A00002D1B0F1FF3FBED06A4C4FF0FF33CDE9F0
:1043B000043456E6DDE90489A7E6674C0023CDE91D
:1043C0000C34624C0023CDE9123401E6DDE91256CB
:1043D0003146284606F0AAFE06F08EFA02460B4643
:1043E0002846314606F0FEF80F9B049AC4F31304E6
:1043F0001343234306460F4629D14BA3D3E9002399
:1044000006F01AFD00283FF42CAE4F46DDE9048982
:104410001A9D66E70293089B01931AAB00934F4ADB
:104420001BAB19A9584600F05DFE10F00F050446BD
:104430003FF467AE062D40F0A08008F10103199308
:1044400000234FF000084FF0000908935DE638A301
:10445000D3E9002306F0F0FC0028D6D136A3D3E937
:1044600000233046394606F005FD00283FF4F9AD3B
:10447000CBE7049B012BA0D1002F9ED14F461A9C65
:1044800022232546CBF800304FF000084FF00009FA
:1044900027E701F154740594DCE5314901224046D7
:1044A00001F086FA002800F0AB804FF00009CDE95A
:1044B00009994D464846CDF838904C46FFF7AFBBBA
:1044C00044F61F639942A8BF19460F911DE40B984B
:1044D000244901EBC001DDE90423D1E9000106F024
:1044E00039FA8046894610E66E2F3FF4AFABFFF7EE
:1044F0006FBB1D4919A802F037FD00283FF468ABD7
:10450000199B1A49013B19A8199302F02DFD10B906
:10451000199B01331993DFF82C904FF00008F4E554
:104520002223CBF80030F6E79535A094FFFFCF3F6C
:104530009535A094FFFFDF3F35E5AF350000E03F44
:104540000000E03F0000F07FE2FBFFFF0000F03FD3
:10455000FFFF9F7CFFFFEF7F0000F0BF180400000B
:10456000AC02000080060000B0020000B4020000AF
:10457000DDE91234CDE9163454E51A9A3AB1352101
:104580001CA803F01BFB1A99584602F051FE013D8E
:104590001B9B042D00F2D881DFE805F0032C291EB7
:1045A00003001C9A049203F233421D9B23F48013F0
:1045B00043EA02530593E10502D543F00043059316
:1045C000A74A1A40DDE90489002A7FF49EAD01F074
:1045D00035FA2223036098E54FF0FF326FF0004375
:1045E000CDE90423E3057FF5E5AE059BE5E79C4BAC
:1045F0000593F7E7DDE91C121D9BCDE90412DAE70C
:10460000199A1346013219925F7805468146FFF7E1
:104610008ABA0020FFF794BA09940E90FFF7A6BA61
:10462000904C0023CDE90C348F4C0023CDE912349B
:10463000CEE40F988D493B46C4464F46AE46DDE971
:104640001089C3F31302002845D08A4200F0EA80A3
:10465000ADBB049A1CEA020F34D04046494604938D
:1046600003F07EF90A9B002B00F04081049BC3F30A
:104670000A53C3F16B03002B40F342811C0504F184
:104680007F53002203F5401306F064F902460B46FF
:104690004046494605F0A8FF80468946744B40468F
:1046A0004946002206F056F96D4B0B40804689467C
:1046B000002B7FF4ADAE2223CBF80030A8E61EEA33
:1046C000030FCAD10A9B002BE8D1A1E602F1547373
:1046D0000593FFF7D8BB002A67D1DDE904452246E0
:1046E000002C40F08F800A9A002A40F0EC8025F0E0
:1046F0000044240D2405A4F580146FEA14536FEAD6
:10470000035305934FF0FF330493DDE904891A9DA9
:10471000E7E5584919A81CAA02F040FC05287FF4D7
:10472000A0AA1D9B43F0FF4343F4E00305931C9BA9
:104730000493DDE90489E8E4DDE904010F9B034308
:104740004F46DDE91089BDD1C1F31303002BB9D168
:1047500021F00044240D2405B4F1D66F2546B1D9CB
:10476000099A536913B91369012BABDD0999012229
:10477000584602F0A1FF5146099003F015F80028B1
:10478000A0DD0A9B002BB6D0A5F580136FEA13536A
:104790006FEA035305934FF0FF330493DDE9048977
:1047A0007CE74FF00009FFF750BB75BB049A1CEA89
:1047B000020F87D040464946049303F0D1F80A9B84
:1047C000002B6ED0049BC3F30A53C3F16B03002B81
:1047D00040F399801C0504F17F53002203F5401338
:1047E00006F0B8F802460B464046494605F0FAFE88
:1047F000002200238046894606F014FB00283FF47F
:104800004DAF3CE6BEF1000FD1D01EEA030F3FF4DE
:1048100059AFCFE74FF0FF3202FA03F3049A1A4080
:104820000492ECE40A9A0499B2B10D4A1A40B2F12A
:10483000D46F11D8120DC2F16B024FF0FF3000FAA5
:1048400002F2914218D0BEF1000F7FF438AF11EAA6
:104850000C0F3FF437AF00E74FF0FF32F1E700BF36
:104860000000F07F0000E0BF0000E03FFFFF0F000E
:10487000000050392C040000344A934259D0344A85
:104880001A4002F58013059300230493DDE904899F
:1048900018E7C2F14B024FF0FF3393400B400593F2
:1048A000ADE402460B464046494605F09BFE1A9C85
:1048B0000022002380468946254606F0B3FA0028E8
:1048C0003FF40FADDCE5224D1D40B5F1D66F3FF64C
:1048D0005BAFB5F15C7F3FF6E1AE22231A9DCBF8CA
:1048E00000304FF000084FF00009FAE402460B4692
:1048F0004046494605F078FE1A9D80468946F0E418
:1049000002460B46C4E602460B466DE70E9B082C9A
:1049100003440E9302DC6446FFF720B9BCF1100F8C
:10492000DCBF09EB890902EB490964460020FFF767
:104930001AB90131A3D122231A9DDFF81490CBF8C4
:1049400000304FF00008CCE4002334E6FFFFEF7F97
:104950000000F07F014BFFF73BB800BF3C01002097
:1049600010B4044C84461346206810BC0A466146C5
:10497000FFF72EB80800002010B4044C044B844606
:104980000A46206810BC6146FFF722B808000020E4
:104990003C0100202DE9F047DFF88CA004461346C7
:1049A000DAF800000A462146FFF712F802460B46E5
:1049B00004460D4606F068FA48BB2946204606F034
:1049C000C1FA20F0004706461849384606F080FB39
:1049D000D0B91649384606F05DFBA8B925F0004964
:1049E000134B4FF0FF322046494606F04DFA38B9D6
:1049F0000F4B204649464FF0FF3206F027FA18B118
:104A0000DAF8003022221A603046BDE8F087002D27
:104A1000084804DAFEF73CFD00F10046F4E7BDE883
:104A2000F047FEF735BD00BF08000020FFFF7F7F85
:104A3000FFFFEF7F700200002DE9F047DFF8A0A034
:104A4000284B04460A46DAF800002146FEF7C0FF6C
:104A500002460B4604460D4606F016FA002833D1EE
:104A60002946204606F06EFA20F0004706461E4909
:104A7000384606F02DFBE8B91B49384606F00AFB1C
:104A8000C0B925F00049194B4FF0FF322046494686
:104A900006F0FAF938B9154B204649464FF0FF3277
:104AA00006F0D4F930B1DAF8003022221A6030462C
:104AB000BDE8F08716F0FF4FF9D10D4B2B40002BCE
:104AC000F1D13046BDE8F087002D0A4804DAFEF740
:104AD000DFFC00F10046EAE7BDE8F047FEF7D8BC8E
:104AE000080000203C010020FFFF7F7FFFFFEF7FD9
:104AF0000000F07F700200002DE9F041B1F90C30A8
:104B00000C46990796B008D504F143030122C4E985
:104B10000432236016B0BDE8F081B4F90E1000290C
:104B2000064626DB6A4602F03BF800281FDB019DA3
:104B300005F47045A5F50055B5FA85F54FF4806884
:104B40006D094FF400674146304601F061F8E8B165
:104B5000B4F90C30C4F8148043F080032060206165
:104B6000A3813DBB3B43A38116B0BDE8F081B4F9FE
:104B70000C3013F0800519D04FF040080025414655
:104B800030462F4601F044F80028E1D1B4F90C304A
:104B90009A05BFD423F0030304F1430243F0020358
:104BA0000121C4E90421A3812260B3E74FF48068A6
:104BB0002F46C8E7B4F90E10304602F007F810B9D6
:104BC000B4F90C30CEE7A38923F0030343F00103CB
:104BD0001BB2C7E770B50C46B1F90E10002996B0AC
:104BE00015461E4614DB6A4601F0DAFF00280FDB8B
:104BF000019901F47041A1F50051B1FA81F14FF42E
:104C0000806349094FF4006031602B6016B070BDBD
:104C1000A18911F0800106D00021402308463160AF
:104C20002B6016B070BD4FF48063084631602B6076
:104C300016B070BD42B110B50B491046144600F0D5
:104C40008FF818B9094810BD084870470749204631
:104C500000F086F80028F5D00549204600F080F8DD
:104C60000028EFD0002010BDC4020000C0020000E8
:104C700070020000014B93F8280170473C010020AE
:104C800041B110B50C4620460A4900F069F818B940
:104C9000094810BD084870470749204600F060F8F1
:104CA0000028F5D00549204600F05AF80028EFD03A
:104CB000002010BDC4020000C0020000700200000D
:104CC00001F0FF01102A2BDB10F0070F08D010F8BD
:104CD000013B013A8B422DD010F0070F42B3F6D1C1
:104CE000F0B441EA012141EA014122F007047FF0DA
:104CF00000070023F0E80256083C85EA010586EA31
:104D0000010685FA47F5A3FA87F586FA47F6A5FA6C
:104D100087F68EB9EED1F0BC01F0FF0102F0070278
:104D200032B110F8013B013A83EA010313B1F8D123
:104D30000020704701387047002D06BF3546033804
:104D4000073815F0010F07D1013015F4807F02BF3D
:104D5000013015F4C03F0130F0BC0138704700BF8E
:104D600002780B78012A28BF9A4240F0D8806DE97A
:104D7000044540EA0104CDE902676FF0000C4FEAF8
:104D800044721AB380EA010414F0070F6BD100F0EB
:104D9000070420F0070004F0030521F007014FEAA3
:104DA000C505F0E8042314F0040FF1E804670CFAD9
:104DB00005F462EA040266EA04060BD063EA04031F
:104DC000624667EA0407664604E000BFF0E8042391
:104DD000F1E8046782FA4CF582EA0604A4FA8CF43E
:104DE0006CBB83FA4CF583EA0705A5FA8CF595B9F7
:104DF00050E9022351E9026782FA4CF582EA06047F
:104E0000A4FA8CF483FA4CF583EA0705A5FA8CF52D
:104E10002543DBD09CB92DBAB5FA85F424F00704FC
:104E200027FA04F1DDE9026723FA04F303F0FF0037
:104E300001F0FF01FDE80445A0EB0100704724BA32
:104E4000B4FA84F424F0070426FA04F1DDE90267D9
:104E500022FA04F202F0FF0001F0FF01FDE8044530
:104E6000A0EB0100704714F0030F3CD110F00304D5
:104E700028D150F8082B51F8083B82FA4CF582EA09
:104E80000305A5FA8CF55DB950F8042C51F8043CE3
:104E900082FA4CF582EA0305A5FA8CF5002DE8D0DC
:104EA0002DBAB5FA85F424F0070423FA04F122FAA6
:104EB00004F202F0FF0001F0FF01FDE80445A0EB61
:104EC000010070474FEAC40420F0030050F8082B9B
:104ED00021F0030151F8083B0CFA04F462EA0402E1
:104EE00063EA0403C9E710F003041DD0A1EB040139
:104EF00020F00300E40750F8042B06D012D28B7880
:104F00005FFAA2F4E41A06D12BB1CB785FFAB2F4BF
:104F1000E41A00D133B920465DF8104B7047A2EB7C
:104F20000300704701F1040150F8042BCC0721F075
:104F3000030151F8043B48D824D222F07F4482FA7E
:104F40004CF594EA1325A5FA8CF50AD165B951F808
:104F5000043B84EA0204B4EB036F0ED150F8042B37
:104F6000EBE74FEA132355E035F07F454DD1087844
:104F7000FDE80445C0F1000070474FEA126203F0FB
:104F8000FF0347E002EA1C4482FA4CF594EA134519
:104F9000A5FA8CF50AD165B951F8043B84EA0204FC
:104FA000B4EB034F0CD150F8042BEBE74FEA13435B
:104FB00030E015EA1C4528D10B884FEA124229E05F
:104FC0004FEA124203EA1C4324E002F0FF0482FA93
:104FD0004CF594EA1365A5FA8CF50AD165B951F838
:104FE000043B84EA0204B4EB032F09D150F8042BEC
:104FF000EBE74FEA13630DE015F0FF0F05D10B68E7
:105000004FEA122223F07F4304E04FF00000FDE856
:105010000445704712BA1BBA82FA4CF482EA0304C0
:10502000A4FA8CF5B5FA85F402FA04F203FA04F353
:105030004FEA1260FDE80445A0EB1360704700BF23
:105040002DE9F0410469B4EB611F05DC0023036125
:1050500000234361BDE8F08100F114054E1111F009
:105060001F0C05EB840E05EB860321D055F82610A6
:1050700004339E4521FA0CF1CCF120082DD92F469E
:105080001A6802FA08F20A4347F8042B53F8041B83
:105090009E4521FA0CF1F3D8A31B9B00053B9B080E
:1050A000013305EB830445F8231079B104340DE096
:1050B0009E4588BF00F11002C8D953F8041B42F87E
:1050C000041F9E45F9D8A41B05EB8404631B9B10A9
:1050D000AC420361BCD0BDE8F08141610029B5D08C
:1050E0002C46E3E72DE9F04F0F6885B0CDE90020AD
:1050F000BA780393302A894640F0EB81FB1C1A787A
:10510000302A1C4603F10103F9D0E71B023FDFF808
:10511000B88218F80230002B00F0EE80237818F8DF
:1051200003304FF0000A5546002B00F070812646F0
:1051300016F8013F18F80330002BF9D1A3490122DA
:10514000304600F035FC834600284CD03278002DE4
:1051500000F0A081AB1B4FEA830B02F0DF02502A64
:1051600035464CD0C9F80060BAF1000F74D12A1B43
:10517000013A072A514604DD5210072A01F10101C4
:10518000FADC019802F02EF88246002800F05E82D8
:1051900000F11406A542029666D90027B9460DE033
:1051A000202F1AD03A4604372B7818F8033003F032
:1051B0000F03934049EA0309A54258D015F8013D71
:1051C0002E2BEDD1A542EBD380490122284600F0D9
:1051D000EFFB0028F0D0202FE4D1002246F8049BFA
:1051E00004279146E0E7002D00F06481327802F058
:1051F000DF02AB1B502A4FEA830B3546B2D16A78E7
:105200002B2A00F045812D2A40F0D2800120AA7877
:1052100018F802104A1E182A05F1020600F2D28080
:10522000727818F80220103901365AB90CE001EBF7
:10523000810116F8013F02EB4102A2F1100118F8BA
:1052400003200AB1192AF2DD00B149428B44C9F8A2
:105250000060BAF1000F8AD0002F0CBF0625002590
:10526000284605B0BDE8F08F029E4FF0000946F8D1
:10527000049B029BF61AB610CAF81060484602F06A
:105280008BF8009B76011C68361AA64273DCC0F2CC
:1052900003810027009B9A685A45C0F23A81009B1F
:1052A0005A685A454ADDA2EB0B0B5C4500F390802F
:1052B000DB68022B00F0DC80032B00F04981012B1E
:1052C00040F0DA805C4540F0D780012C08D0611EA8
:1052D000504602F0A1FC002800F0CE80009B5A68E6
:1052E00003990A60029A0123CAF8103013600E9BDA
:1052F0006225C3F800A0B3E734490122204600F03C
:1053000057FB8246002840F08480637818F8032019
:10531000651C002A7FD0302B2C4640F0248114F8E5
:10532000013F302BFBD018F80330B3FA83FA012782
:105330004FEA5A1A002B7FF4FAAE68E0012587B1D4
:10534000009BDA68022A6ED0032A70D0012A06D1A7
:10535000B90704D5029B1A681743FA076AD445F0C7
:1053600010050E9BC3F800A0039B2846C3F800B0AD
:1053700005B0BDE8F08F361B3146504602F04CFCBC
:10538000074678B1711E4A11029B012753F822008B
:1053900001F01F0207FA02F2024203D0B94200F301
:1053A000C980022731465046FFF74AFEB34471E7F1
:1053B00018F802104A1E182A05F101064FF00000E5
:1053C0007FF62EAF2E46CDE668040000AC0200004A
:1053D0000BF1FF36002F40F0A580002E40F0A48096
:1053E0007311029A06F01F0652F823200123B340DE
:1053F00013425946504618BF47F00207FFF720FEF8
:10540000009BA4EB0B040225D3F804B097E72646D3
:1054100094E62378254603F0DF03502B00F09380B9
:10542000C9F8005018E70F9BC3F101030F930F9BBE
:10543000002B94D0DAF81070029A4FEA8709904650
:1054400002EB8706002003E0964242F8040C43D9A1
:10545000944652F8041B4B1CF6D00131022DCCF8B7
:10546000001079D014F01F0440F0A580212578E7C2
:105470000F9B002B3FF434AF0198514601F0D8FE4A
:1054800050250E9A00232846136005B0BDE8F08F22
:105490000020BCE6AB4660E6A61B514601983246AA
:1054A00002F00AF900F11403ABEB060B82460293FB
:1054B0000027EFE6727818F80210751C2E460029B6
:1054C0003FF44BAE16F8012F18F80230002BF9D13B
:1054D00040E6BC1C00271AE6DAF80820974244DAB6
:1054E0000AEB87017A1C0120022DCAF81020DDF892
:1054F0000880486130D0002A6ADC0022CAF81020F7
:105500000022CAF81420009B9A680BF1010B5A453F
:10551000ACDA0198514601F08BFE0E9A0023A325C8
:1055200013609DE601275BE73146504602F074FBAD
:10553000074655E7B11E504602F06EFB00283FF4C7
:1055400030AF03272EE74FF0000B4FF0010A56E66D
:105550000F9B002B90D0C3E6009B1A68013AA24231
:1055600060D02225FDE60127E1E5DAF80410019874
:10557000013101F037FE064600286DD0DAF8102020
:10558000023292000AF10C010C3000F067FF514624
:10559000019801F04DFE3269012006EB8201022DD7
:1055A0000244326106F114084861B246D4D09742F1
:1055B000BFF658AF9FE7C144C4F1200459F8040C6A
:1055C00001F0EAFEA042BFF651AFDAF8102092E7F0
:1055D00008EB82040AF11800DAF8142084424FEA3A
:1055E00052022BD94546036842EAC37245F8042BA0
:1055F00050F8042B84424FEA5202F4D8A4EB0A017B
:1056000019398908013148F8212008EB810102B1DC
:105610000431A1EB080292104145CAF810207FF432
:1056200072AF6DE7621104F01F0458F822100122D6
:10563000A2400A4214BF2125222592E6C8F8002084
:105640000AB14146E4E7CAF8102059E7054B06487D
:105650005246E42101F0A0FD024B0348324684216A
:1056600001F09AFDCC020000E00200002DE9F047B5
:10567000074649480E46354616F801EB10F80EC0AD
:105680001CF0080CF7D1BEF12D0F5AD0BEF12B0F34
:1056900003BF96F800E06446AE1C64464BB9BEF109
:1056A000300F5CD00A23DFF8F4804FF0050A9946EA
:1056B0000AE0102B4AD04FF0FF38B8FBF3F803FB99
:1056C00008FA6FEA0A0A99460025284605E02CD018
:1056D00009FB00C0012516F801EBAEF1300CBCF15E
:1056E000090F06D9AEF1410CBCF1190F0BD8AEF180
:1056F000370C634510DDB5F1FF3FECD04045E6D9EE
:105700004FF0FF35E7E7AEF1610CBCF1190F03D89C
:10571000AEF1570C6345EEDC6B1C0BD004B140427C
:105720000AB165B91160BDE8F087D445D0DD4FF00E
:10573000FF35D0E722233B602846002AF3D0711EB4
:10574000F0E796F800E00124AE1CA7E7BEF1300FA9
:1057500011D04FF00F0A6FF070489946B4E73378D4
:1057600003F0DF03582B0BD008234FF0070A6FF02C
:1057700060489946A8E7307800F0DF005828E8D163
:105780004FF0100996F801E04FF00F0A02366FF063
:1057900070484B4698E700BF690500009999991930
:1057A00064E700BF10B4044C84461346206810BC64
:1057B0000A4661465AE700BF0800002010B4044CB6
:1057C00084461346206810BC0A4661464EE700BF77
:1057D0000800002010B4034CD4F8E440A44610BCE8
:1057E000604700BF3C01002082B049B15AB16BB1A3
:1057F00013780B601278101E18BF012002B070479A
:1058000001A9002AF3D1104602B070476FF00100E1
:10581000F4E700BFB1F90C20F8B516070C460746AF
:1058200049D4496842F400630029A3815FDDA56A79
:10583000002D3ED0002112F480523E683960E169AB
:1058400061D101233846A847451C02466BD0B4F904
:105850000C30A56AE169580705D56368D21A236B35
:105860000BB1E36BD21A00233846A847411C4CD138
:105870003968B4F90C301D293FD82F4ACA40D207E5
:105880003BD52269226023F40062A281DD044FF03F
:105890000002626001D5002943D0216B3E6041B116
:1058A00004F14003994202D03846FCF707FA00237E
:1058B00023630020F8BD0E69002EFAD00D680E603B
:1058C00092070CBF4B690023AD1B8B600CE0D4F832
:1058D00024C0E1692B4632463846E047B0F1000C5F
:1058E000A5EB0C05664406DD002DF0DCE1E7E16B7D
:1058F00000299CDCDDE7B4F90C3043F04003A381C0
:105900004FF0FF30F8BD226DA5E7B4F90C302269E5
:10591000226023F40062A281DB044FF00002626087
:10592000BBD52065B9E73B68002B90D01D2B01D07B
:10593000162BE0D13E60BCE70100402010B50446C4
:1059400082B008B1436B53B1B1F90C0008B902B091
:1059500010BD204602B0BDE81040FFF75BBF0191CB
:10596000FCF7CCFB0199EFE7A0B138B50C4B1D68F3
:1059700004460DB16B6B4BB1B4F90C0000B938BDE6
:1059800021462846BDE83840FFF744BF2846FCF7CB
:10599000B5FBF1E7034A04490448FDF7EBBF00BF3C
:1059A00008000020300100203D59000010000020B8
:1059B000002A3ED030B584460446084380070B4693
:1059C0002ED1032A07D82BE0043A25D01EF0803FC1
:1059D00022D1032A22D92068194653F8045BA0F18A
:1059E000013EA842A4462EEA000E04F10404EBD0C6
:1059F0009CF800000C7884421DD1E64668B11EF880
:105A0000010F11F8014FA2EB0E03A04203F1FF3387
:105A100011D11CEB0303F1D1002030BDA44619467F
:105A20009CF800000C78A04205D1012AF4D0E6468B
:105A3000E4E710467047001B30BD00BF014B1868FB
:105A4000704700BF080000202DE9F04F85B08B465D
:105A50000192604A03901E460D46294615F8014BF7
:105A6000135D13F00803F8D12D2C7ED02B2C03BF2F
:105A70002C7802938D1C02936EB9302C00F0868036
:105A80004FF00A09B246DFF850814FF0050C4FF095
:105A900099374E4617E0102E6CD04FEAE67A324620
:105AA00053464FF0FF304FF0FF3105F027FB3246F1
:105AB0000746884653464FF0FF304FF0FF3105F060
:105AC0001DFBB146944600221046114610E04145A8
:105AD00008BFB84239D000FB0AF209FB0121A0FB44
:105AE00009021144181841EBE371012215F8014B2A
:105AF000A4F13003092B05D9A4F14103192B0CD8CB
:105B0000A4F137039E4210DD541CEFD0874278EB9E
:105B10000102DCD24FF0FF32E8E7A4F16103192B58
:105B200003D8A4F157039E42EEDC531C12D0029B13
:105B300013B1404261EB4101019B1BB192B9019B42
:105B4000C3F800B005B0BDE8F08F6345C3DD4FF08A
:105B5000FF32CBE7039922230B60019B10461146CD
:105B6000002BEFD005F1FF3BE9E701232C780293EE
:105B70008D1C81E7302C19D04FF00F0C4FF0FF3700
:105B80006FF07048B1464FF0000A9CE72B7803F0A5
:105B9000DF03582B0FD04FF00809B2464FF0070C27
:105BA0004FF0FF376FF060484E468CE72B7803F0DC
:105BB000DF03582BE0D14FF010096C784FF00F0C39
:105BC00002354FF0FF376FF070484FF0000A4E4635
:105BD00079E700BF690500009999991934E700BF7A
:105BE00010B4044C84461346206810BC0A46614633
:105BF0002AE700BF0800002010B4044C8446134676
:105C0000206810BC0A4661461EE700BF080000205D
:105C10002DE9F04F01F10B05162D83B0064623D870
:105C2000102900F2AF80FCF77BF910251823022021
:105C3000C14F3B44A3F108025C68944200F0258107
:105C40006368E268A16823F00303CA602344304616
:105C500091605A6842F001025A60FCF763F9083417
:105C6000204603B0BDE8F08F35F0070500F18A80CB
:105C7000A94200F28780FCF753F9B5F5FC7FC0F02C
:105C80006D816B0A00F08280042B00F22481AB0945
:105C900003F1390003F1380EC300A74F3B44A3F1D1
:105CA000080C5C68A44507D10DE0002AE16880F289
:105CB000E6808C4507D00C46636823F003035A1B2B
:105CC0000F2AF2DD7046DFF874823C69444500F02B
:105CD000C380636823F0030CACEB05030F2B00F3C8
:105CE0004181002BC7E9048880F22C81BCF5007F3C
:105CF000D7F804E080F0CF804FEADC0101314FEAB1
:105D00005C1C012303FA0CF357F83120A2604EEA21
:105D1000030E07EBC103083BE360C7F804E047F854
:105D20003140D46083104FF0010C0CFA03FCF445B1
:105D300032D81CEA0E0F08D120F003004FEA4C0CB9
:105D40001CEA0E0F00F10400F8D007EBC00AD6469B
:105D50008146DEF80C300BE0596821F003014A1B44
:105D60000F2A1C46DB6800F3C280002A80F2D6802E
:105D70009E45F1D109F1010919F0030F0EF1080E4A
:105D8000E7D118E10C233360002469E74FF4007376
:105D900040204FF03F0E80E7BC68636823F00309A2
:105DA000A94503D3A9EB05030F2B58DCDFF890B10D
:105DB000DBF8002004EB09031032082002EB050891
:105DC0000093FCF777F8D7F808140131024605D0A4
:105DD00008F1FF388044414201EA08084146304654
:105DE0000092FDF789FAB0F1FF3F009A824600F079
:105DF000D48004EB0903834200F2CD80DBF8041069
:105E00004144CBF80410084602F1FF3C40F0F58015
:105E10001AEA0C0F40F0F180D7F808A0C84448F007
:105E20000100CAF80400DBF82C208A42DBF830209D
:105E300038BFCBF82C108A4238BFCBF8301054460C
:105E400020F00308A845A8EB050301D30F2B06DCBF
:105E50003046FCF767F897E7D7F804E062E7621985
:105E600043F0010345F0010565603046BA605360B8
:105E7000FCF758F80834204603B0BDE8F08FA2685C
:105E80002344D16030468A60E3E6DC68A3427FF4B5
:105E9000D7AE023017E7BCF5206F4FEA5C2273D310
:105EA000142A00F20A8102F15C03DB005B32F9186C
:105EB000FB580839994203D1E6E09B68994204D027
:105EC0005A6822F003026245F7D8D968C4E9023162
:105ED0008C60DC6026E7142B62D9542B00F2F6802C
:105EE0002B0B03F16F0003F16E0EC300D5E6D4F85F
:105EF00008C03046661945F001056560CCF80C30E5
:105F0000C3F808C042F00103C7E90466C6E9028885
:105F100073606250FCF706F80834A1E6214430466D
:105F20004A6842F001024A6054F8082FD3609A6030
:105F3000FBF7F8FF94E600BFA8020020B0020020A3
:105F400010080020A4443046DCF8043043F001037C
:105F5000CCF80430FBF7E6FF083481E6E80805F1E9
:105F6000080365E6621943F0010145F0010565602B
:105F70003046C7E90422C2E90288516044F80C3077
:105F8000FBF7D0FF08346BE64FEA9C1202F13903AD
:105F9000DB0038328BE7BC4228D0BC6860684FE732
:105FA00003F15C0003F15B0EC30076E65AF8083992
:105FB000534540F0D88010F0030F00F1FF30F5D1C9
:105FC0007B6823EA0C037B604FEA4C0C9C453FF650
:105FD000E3AEBCF1000F04D1DEE64FEA4C0C09F150
:105FE00004091CEA030FF8D04846AEE6DBF80400CB
:105FF0004044CBF8040002F1FF3CD7F8081401310B
:106000006ED004EB0903AAEB03031844CBF8040099
:106010001AF00703009341D0C3F108018A44D04429
:106020000A4408EA0C01521A02EA0C0130460191B6
:10603000FDF762F9421C6FD00199A0EB0A0000EB5A
:106040000108DBF80420C7F808A048F0010011445B
:10605000BC42CAF80400CBF804103FF4E4AEB9F136
:106060000F0F40D96268A9F10C0020F0070002F080
:10607000010202436260052322180F28C2E901339E
:1060800052D8DAF80400CEE692104FF0010C0CFA68
:1060900002F24EEA020EC7F804E017E70AEB080125
:1060A00001EA0C01521A02EA0C0130460191FDF797
:1060B00023F9431CC0D10099C3E7542A17D84FEAEB
:1060C0001C3202F16F03DB006E32F0E6B3F5AA7FFB
:1060D00017D8EB0B03F1780003F1770EC300DCE572
:1060E000C7F808A494E70123CAF80430B0E6B2F573
:1060F000AA7F23D84FEADC3202F17803DB00773243
:10610000D5E640F25452934223D8AB0C03F17D0004
:1061100003F17C0EC300C0E5009BA3F1080290448C
:10612000A8EB0A0800218CE704F108013046FBF7D0
:10613000C5FDDBF80410D7F808A0A2E740F25453DD
:106140009A420CD84FEA9C4202F17D03DB007C327C
:10615000ADE64FF47E737F204FF07E0E9DE54FF449
:106160007E737E22A3E67B682EE700BF242B2DE9F9
:10617000F84F43D8012B41D0804649481F468E46F0
:1061800075461EF801BB10F80B4014F00804F7D157
:10619000BBF12D0F6FD0BBF12B0F08BF9EF800B0E5
:1061A0006FF0004908BF05F1020E73BBBBF1300F61
:1061B0004BD00A273B460025B9FBF7F6284607FBDC
:1061C000169A05E03AD007FB00C001251EF801BB76
:1061D000ABF1300CBCF1090F06D9ABF1410CBCF1AD
:1061E000190F19D8ABF1370C63451EDDB5F1FF3F30
:1061F000ECD08642E6D24FF0FF35E7E7FFF71EFC12
:10620000162303600020BDE8F88F102BD3D1BBF11B
:10621000300F23D01F46CEE7ABF1610CBCF1190F54
:1062200003D8ABF1570C6345E0DC6B1C2BD054B9A1
:10623000002AE8D085BB1160BDE8F88FE245C2DADC
:106240004FF0FF35C2E74042F2E79EF8003003F01E
:10625000DF03582B08D008273B46ACE79EF8000028
:1062600000F0DF005828D5D110279EF801B03B463A
:106270000EF1020E9FE79EF800B04FF0004905F1C5
:10628000020E012491E72223C8F8003032B10EF14A
:10629000FF3148461160CFE78146F8E74846B2E74C
:1062A0006905000062E700BF10B4044C8446134641
:1062B000206810BC0A46614658E700BF080000206D
:1062C00010B4044C84461346206810BC0A4661464C
:1062D0004CE700BF0800002070B539B106460C46F7
:1062E00008B1436B83B3B4F90C3013B900252846C9
:1062F00070BD21463046FFF78DFAE36A054633B19B
:10630000E169304698470028B8BF4FF0FF35A389B0
:106310001B061CD4216B41B104F14003994202D009
:106320003046FBF7CBFC00232363616C21B1304680
:10633000FBF7C4FC00236364FBF7F0FE0023A3819A
:10634000FBF7EEFE284670BDFBF7D8FECBE72169D0
:106350003046FBF7B3FCDDE7024B01461868FFF758
:10636000BBBF00BF0800002010B4034CD4F8E040CD
:10637000A44610BC604700BF3C01002049B1FF2A81
:1063800002D80A70012070478A2303604FF0FF3063
:1063900070470846704700BF2DE9F04F294F83B082
:1063A0003E6801905EB38B464FF000094FF0010844
:1063B0007468651E23D4013406EB8404BBF1000F1E
:1063C00020D173682268013BAB420CBF7560C4F8F2
:1063D00000907AB1D6F88811D6F804A008FA05FC26
:1063E0001CEA010F1AD1904771683A68514522D1D1
:1063F000B24220D1013D6B1CA4F10404DED103B0F4
:10640000BDE8F08FD4F800315B45DAD0013D6A1C5D
:10641000A4F10404F6D103B0BDE8F08FD6F88C31B6
:10642000D4F880101CEA030F09D1019890477168D5
:106430003A685145DCD0002AE1D01646B8E7084654
:106440009047D1E744080020024B13B10248FBF704
:10645000AFBE70470000000069340000844641EA86
:10646000000313F003036DD1403A41D351F8043BCC
:1064700040F8043B51F8043B40F8043B51F8043B1E
:1064800040F8043B51F8043B40F8043B51F8043B0E
:1064900040F8043B51F8043B40F8043B51F8043BFE
:1064A00040F8043B51F8043B40F8043B51F8043BEE
:1064B00040F8043B51F8043B40F8043B51F8043BDE
:1064C00040F8043B51F8043B40F8043B51F8043BCE
:1064D00040F8043B51F8043B40F8043B51F8043BBE
:1064E00040F8043B51F8043B40F8043B403ABDD22D
:1064F000303211D351F8043B40F8043B51F8043BCF
:1065000040F8043B51F8043B40F8043B51F8043B8D
:1065100040F8043B103AEDD20C3205D351F8043B5D
:1065200040F8043B043AF9D2043208D0D2071CBF29
:1065300011F8013B00F8013B01D30B880380604652
:10654000704700BF082A13D38B078DD010F00303C8
:106550008AD0C3F10403D21ADB071CBF11F8013B38
:1065600000F8013B80D331F8023B20F8023B7BE787
:10657000043AD9D3013A11F8013B00F8013BF9D2B2
:106580000B7803704B7843708B788370604670474C
:1065900010B50C46B1F90E1002F016FE002803DB10
:1065A000236D0344236510BDA38923F48053A38185
:1065B00010BD00BF002070472DE9F0410C46B1F935
:1065C0000C101F46CB05054616460BD421F480510E
:1065D000A1813B46B4F90E1032462846BDE8F04191
:1065E00000F0C8BAB4F90E100223002203F0FCFD3B
:1065F000B4F90C10EAE700BF10B50C46B1F90E1063
:1066000003F0F2FDB4F90C30421C0EBF23F48053AA
:1066100043F480532065A38110BD00BFB1F90E1073
:1066200000F0A2BD002102F087BD00BF70B50D4C87
:1066300082B0D4F8E460069C05462AB10094B047C5
:10664000431C08D002B070BD11460123064A0094D5
:10665000B047431CF6D100228A2322602B6002B08F
:1066600070BD00BF3C0100207002000070B51C46E8
:106670000F4B1D680F4B82B0D3F8E46051B19446C4
:1066800063460A46009401462846B047431C08D09A
:1066900002B070BD0123084A00942846B047431C4D
:1066A000F6D100228A2322602B6002B070BD00BFA9
:1066B000080000203C0100207002000070B4164D5C
:1066C0002C681CB365681F2D23DC38B9AB1C013561
:1066D000656044F82310002070BC704704EB850C03
:1066E0000228CCF88820D4F888614FF0010202FA21
:1066F00005F246EA0206C4F88861CCF80831E5D113
:10670000D4F88C311343C4F88C31DFE7034C2C6090
:10671000D8E74FF0FF30DFE7440800204C080020A6
:106720008B8903F00903092B01D000207047024B2D
:106730001868FFF703B900BF0800002070B50C46C9
:10674000054610B1436B002B56D0B4F90C30002233
:106750009E0662605DD4580719D4D9065CD51A0725
:1067600039D443F00403A3812369002B3FD0B4F94B
:106770000C60B3071ED12269266A6369E169226051
:106780002846B0470028606039DD002070BD216BCD
:106790000029E9D004F14003994202D02846FBF7D2
:1067A0008DFAE36B636000222263002BDCD0A36BC5
:1067B0002360EAE70123A3811A4A1B491B48FDF71E
:1067C000D9F806F00903092BA681D4D12146284621
:1067D000FFF720F8CFE721462846FFF7AFF8C0B90A
:1067E000B4F90C30A06023F00803A061B9E721469A
:1067F0002846FEF781F9BAE7FBF780FCA5E7B4F974
:106800000C3017BF002243F0200343F040036260C6
:10681000A3814FF0FF3070BD092243F040032A608E
:10682000A381F6E73001002021670000100000205E
:106830002DE9F84F1646002900F096800C46804658
:1068400006F10B05FBF76CFB54F8041C162DA4F1A4
:10685000080921F0030758D81025AE4258D8AF4296
:1068600060DABE4B9A6809EB070C6245DCF804005D
:1068700000F0908020F0010363445B68DB0768D47C
:1068800020F003003B189D4247DDCB0712D454F89B
:10689000083CA9EB030BDBF8043023F0030210449F
:1068A00000EB070A554540F3F68007EB020A554511
:1068B00040F3CC8031464046FFF7AAF9064600284F
:1068C00000F0208154F8043C23F001034B44A0F174
:1068D0000802934200F0B4803A1F242A00F2D780C5
:1068E000132A00F2A28003462246116819605168FB
:1068F000596092689A6021464046FBF7DFF94046AE
:10690000FBF710FB3046BDE8F88F35F00705A4D53E
:106910000C23C8F80030002618E01F46DCE90223EB
:10692000D3609A60D9F804307A1B0F2A03F0010370
:1069300009EB07001DD83B43C9F80430436843F016
:10694000010343604046FBF7EDFA26463046BDE8BA
:10695000F88FC907AED454F8083CA9EB030BDBF859
:10696000043023F00302A0E7BDE8F84F1146FFF71B
:106970004FB909EB05012B4342F00102C9F804307D
:106980004A60436843F00103436008314046FBF727
:1069900095F9D7E720F00300C21905F1100C624504
:1069A00080F29180CA0785D454F8082CA9EB020B19
:1069B000DBF8042022F00302104400EB070AD44560
:1069C0003FF773AF5E46DBF80C1056F8080F3A1F1E
:1069D000242AC160886000F2AE80132A40F2A980A8
:1069E0002168CBF808106168CBF80C101B2A00F264
:1069F000A88008340BF110022168116061685160B1
:106A0000A16891600BEB0501AAEB050242F00102BF
:106A100099604A60DBF8043003F001032B434046E1
:106A2000CBF80430FBF77EFA90E7236803606368D5
:106A300043601B2A3CD804F1080200F1080354E724
:106A400050F8043C23F003031F446BE73A1F5E46F3
:106A5000DBF80C3056F8081F242ACB60996022D846
:106A6000132A1ED92368CBF808306368CBF80C30A2
:106A70001B2A3BD808340BF1100322681A606268A5
:106A80005A60A2689A6034465746D9464AE721467A
:106A900002F0D2FA2FE7DCE902133A1FCB609960CB
:106AA000D5E73346E9E72146304602F0C5FAEAE782
:106AB000A3688360E368C360242A27D004F110022E
:106AC00000F1100311E709EB05019960531B43F036
:106AD00001034B6054F8043C03F001032B43404690
:106AE00044F8043CFBF71EFA26462FE7A368CBF8D0
:106AF0001030E368CBF81430242A10D010340BF196
:106B00001803BAE74046FBF70DFA04E7236903616F
:106B10006169416104F1180200F11803E5E6236997
:106B2000CBF818306369CBF81C3018340BF1200314
:106B3000A3E7324660E72146304602F07DFA074B74
:106B400060E7A168CBF81010E168CBF81410242A94
:106B500006D010340BF118024EE700BFA802002047
:106B60002269CBF818206269CBF81C2018340BF18D
:106B7000200241E738B50C46084D844611462046B0
:106B80001A4600232B606446F9F796FE431C00D09A
:106B900038BD2B68002BFBD0236038BD480800208F
:106BA00070B50C46084D03460026204611461C468B
:106BB0002E6004F059FC431C00D070BD2B68002BE4
:106BC000FBD0236070BD00BF4808002038B5074DDA
:106BD0000022044608462A6004F056FC431C00D0FC
:106BE00038BD2B68002BFBD0236038BD480800203F
:106BF0009368002B00F0F6802DE9F04FB1F90CC03E
:106C00001CF0080F83B0904681460C4631D00B69CA
:106C10007BB31CF00207D8F8006038D00027D4F806
:106C200024B0E169DFF8BCA23D4655452B463A4603
:106C300028BF53464846C5B1D847002840F3C8800E
:106C4000D8F808301B1A07442D1AC8F80830002B52
:106C500000F0B48055452B46D4F824B0E16928BF34
:106C600053463A464846002DE6D1D6E90075083627
:106C7000DBE721464846FAF763FF002840F0AD8085
:106C8000B4F90CC0D8F800601CF00207C6D11CF0A3
:106C9000010A63D12368A168574618468B46002F26
:106CA00058D01CF4007F00F0B180B9420A4600F2CF
:106CB000DD801CF4906F2FD0216962695D1A02EBB0
:106CC000420202EBD2726B1C52103B44934292BFC1
:106CD00093469B461A461CF4806F00F0E6801146EE
:106CE0004846FEF795FF002800F0F5802A46216906
:106CF0000190FFF7B3FBA289019B22F4906242F05E
:106D00008002A2815819ABEB0505C4F814B02361C9
:106D1000A5602060BB463A465146019202F08CF9CC
:106D2000A1682368019AA1EB0B011A443D46A160BA
:106D300022600027D8F808305B1BAA44C8F8083046
:106D4000002B3BD02368A168B4F90CC018468B46D1
:106D5000002FA6D1D6E900A708369EE73846BB46E5
:106D60003D46002D40D0002845D03A46D4E904C322
:106D70002068A168AA4228BF2A46604504D901EBD1
:106D8000030A524500F38280934272DCE169D4F831
:106D900024C05A464846E047B0F1000A18DDB7EB78
:106DA0000A070FD00120D8F80830A3EB0A03D34418
:106DB000A5EB0A05C8F80830002BD2D1002003B09B
:106DC000BDE8F08F21464846FEF7B8FD0028EAD01E
:106DD000B4F90C3043F04003A3814FF0FF3003B00F
:106DE000BDE8F08F00207047756833460836002DE7
:106DF000FAD0D3F800B02A460A215846FDF760FFC2
:106E0000002865D00130A0EB0B07AEE722699A425B
:106E100014D36269BA4211D86FF00043BB4228BF55
:106E20003B46656A93FBF2F3E16902FB03F34846D4
:106E30005246A847051ECBDD7F1B7BE7B94228BF22
:106E400039460D4618460A46514602F0F5F8A16843
:106E50002368491B2B44A16023600029ECD1214603
:106E60004846FEF76BFD0028E6D0B1E7BB463A4640
:106E700052E75946019202F0DFF8019AA3689B1A83
:106E8000A360236813442360924688E7594652461C
:106E900002F0D2F823685344236021464846FEF7A7
:106EA0004DFD00283FF47BAF92E74846FFF7C0FC5A
:106EB000034600287FF426AF21694846FAF7FEFE14
:106EC000B4F90C300C22C9F8002023F0800381E7CC
:106ED0006A1C17464AE70C22B4F90C30C9F80020A6
:106EE00078E700BF00FCFF7F0CB410B59CB01EAB70
:106EF000029106916FF0004104910791084953F8FF
:106F0000042B0591002402A901931B9400F0B0FE0C
:106F1000029B1C701CB0BDE8104002B0704700BF5F
:106F20000802FFFF0EB430B59CB06FF000411FABFC
:106F3000049107910A4953F8042B0290002406900B
:106F4000084D0868019302A905951B9400F090FE76
:106F5000029B1C701CB0BDE8304003B0704700BFFE
:106F6000080000200802FFFF10B40468013409E0A3
:106F700014F8013BA3F1410CBCF1190F98BF203369
:106F8000934207D111F8012B002AF1D104600120AE
:106F900010BC7047002010BC704700BF09682DE985
:106FA000F04F4B1102EB830311F01F0B07460CBF90
:106FB0001846181D3C680CBF1D1F1D46002340F8D5
:106FC000043C617885B00134002900F0A8809E4619
:106FD0009A461E460B4601461046DFF888910197F7
:106FE0005A46A846AC46834610E0202B00F28F801C
:106FF000564508DDE04502D9BEF1070F5FDDE345E8
:1070000054D34FF0080E14F8013FB3B119F80370D0
:10701000002FEAD00EF1010EBEF1080F06F10106B5
:107020003ADCDCF800301B0107F00F071F43CCF8F7
:10703000007014F8013F002BE8D15B4608469346E8
:107040001A46002E6BD0C44502D2BEF1070F73DD85
:1070500062454DD2111F634653F8044B41F8044F6B
:10706000AB42F9D9A5EB0C0323F00303691C0433ED
:107070000CF1010C8C4588BF04231344002143F814
:10708000041BAB42FBD950F8043C002B4DD1AA4263
:1070900049D055F8043DF8E7E345B4D200234CF855
:1070A000043C4FF0010EACF1040CBDE70023ACF141
:1070B00004084CF8043CB246C4469E46A3E7CEF111
:1070C00008008000CDE9022CDCF800306746C0F1F2
:1070D000200E8446786800FA0EF21A4320FA0CF368
:1070E0003A6047F8043FB845F4D8DDE9022C86E75A
:1070F00050F8043CBBF1000FC7D0CBF1200B4FF090
:10710000FF3121FA0BF10B4040F8043CBDE7084683
:10711000194629295B46019F93461A4609D0042047
:1071200005B0BDE8F08F01232B60052005B0BDE858
:10713000F08F01343C6084E7CEF10803DCF80010E6
:107140009B00C3F1200E66460C46776807FA0EF1E5
:10715000214327FA03F4316046F8044FB045F4D8D0
:1071600076E700BF6804000038B5074D00220446EA
:1071700008462A6004F070F9431C00D038BD2B6823
:10718000002BFBD0236038BD4808002001490020B7
:10719000704700BF0000F87F00B50B4C256814460F
:1071A000EE681A4685B003460D464CB10749009576
:1071B000CDE901143046064902F02AF801F0C6FF75
:1071C00004490C46F3E700BF080000201403000048
:1071D000240300007002000008B513460022FFF7E8
:1071E000DBFF00BF436C70B505460C464BB153F84E
:1071F000240080B1026843F824200023C0E903334F
:1072000070BD2122042101F0A9FF03466864002813
:10721000EDD1002070BD012101FA04F6721D92002B
:10722000284601F09BFF0028F3D0C0E90146E4E7BF
:1072300031B1436C4A6853F82200086043F82210C9
:10724000704700BF2DE9F0410D6907460E461C4608
:1072500001F1140E0020DEF800108BB202FB034394
:107260004FEA134C090C02FB01CC01309BB203EB3B
:107270000C4385424EF8043B4FEA1C44EBDC3CB126
:10728000B368AB4207DD06EB850301355C61356110
:107290003046BDE8F081716838460131FFF7A2FF42
:1072A0008046A8B13269023206F10C0192000C301E
:1072B000FFF7D4F87B6C726853F82210316043F802
:1072C0002260464606EB850301355C613561DFE7E8
:1072D000024B03484246BA21FFF75EFFCC02000092
:1072E000540300002DE9F8431746284A1E46083388
:1072F0000C46092E82FB03124FEAE3730546C3EBEB
:1073000062033ADD4FF0010C00214FEA4C0C63455B
:1073100001F10101F9DC2846FFF764FF014670B373
:10732000089B4361092F4FF00103036112DC0A340B
:107330000927BE420BDDF61B264414F8013B0A2246
:10734000303B2846FFF77EFFB4420146F5D10846A0
:10735000BDE8F88304F1090804EB0709444614F872
:10736000013B0A22303B2846FFF76CFF4C450146A3
:10737000F5D1A7F108044444DBE70021CBE70A4636
:10738000034B0448D321FFF707FF00BF398EE338D2
:10739000CC02000054030000B0F5803F034636BF26
:1073A000030400201020B3F1807F3CBF1B02083093
:1073B000B3F1805F3CBF1B010430B3F1804F03D3B6
:1073C000002B06DB013070479B0003D45B0003D425
:1073D000202070470230704703307047036813F075
:1073E0000702014607D0DA071FD4980721D55B08AA
:1073F0000B600120704798B2A0B11046DAB20AB90A
:1074000008301B0A1A0704BF1B0904309A0704BF7F
:107410009B080230DA0703D45B0800F1010006D0B4
:107420000B6070471B0C1020E8E7002070472020FD
:1074300070479B080B600220704700BF38B5436C53
:1074400004460D464BB15868B0B102685A6000223C
:107450000123C0E90323456138BD2122042101F045
:107460007DFE034660640028EDD1094B09480022E7
:1074700040F24511FFF790FE1C220121204601F049
:107480006DFE0028F1D001220223C0E90123DEE7CE
:10749000CC020000540300002DE9F04FD1F8108019
:1074A0001569A84585B00E46924605DB2A46534627
:1074B00045468A4690461E46DAF80830DAF8041047
:1074C00005EB0804A342B8BF0131FFF78BFE8446E9
:1074D000002800F08B8000F1140707EB840E77453D
:1074E00005D23B46002243F8042B9E45FBD81436B8
:1074F00006EB88080AF11409464509EB850566D2B2
:10750000A5EB0A03153B23F003030AF1150A043324
:1075100055452CBF9B464FF0040BCDF808E0039473
:10752000AE46E24605E0090C2AD1B04507F1040752
:107530004AD956F8041B8DB2002DF4D0CC463C46F7
:10754000002301965CF8040B216886B28AB2000C15
:1075500005FB0622090C1A4405FB001101EB124140
:1075600092B242EA0142E64544F8042B4FEA114345
:10757000E8D8019E47F80B3056F8041C090CD4D00B
:107580003B68002248461D463C469446028801FB63
:1075900002C202EB15429BB243EA024344F8043BA9
:1075A00050F8043B25684FEA134CABB201FB0C3397
:1075B00003EB124370454FEA134CE7D3B04547F84D
:1075C0000B3007F10407B4D8DDE902E4D446002CFF
:1075D00002DC05E0013C03D05EF8043D002BF9D04D
:1075E0006046CCF8104005B0BDE8F08F034B04486E
:1075F00062464FF4B171FFF7CFFD00BFCC0200002F
:107600005403000012F003032DE9F041144607462D
:107610002CD10D46A4101CD03E6C86B3E3074FF06E
:10762000000806D4641014D03068A8B10646E307F9
:10763000F8D5324629463846FFF72EFF35B17B6C28
:10764000696853F821202A6043F8215064100546E8
:10765000EAD12846BDE8F081324631463846FFF788
:107660001BFF3060C0F800800646E0E7013B0F4A90
:1076700052F823200023FFF7E5FD0546CAE7012164
:107680003846FFF7AFFD064640B1012340F27122B4
:10769000C0E90432002338640360BFE7044B0548A7
:1076A000324640F24511FFF777FD00BF700600003B
:1076B000CC020000540300002DE9F0470C46904630
:1076C0002769A368496807EB62177D1C9D4206463F
:1076D0004FEA621904DD5B009D4201F10101FADC11
:1076E0003046FFF77FFD8446002851D0B9F1000FE6
:1076F00000F114000EDD09F105024FEA820E034687
:107700000CEB8202002143F8041B9342FBD1AEF143
:1077100014031844216904F1140318F01F0803EB43
:1077200081012DD0C8F1200986464FF0000A1A6861
:1077300002FA08F242EA0A024EF8042B53F8042B2C
:10774000994222FA09FAF2D80B1B153B23F00303E6
:10775000043304F11502914238BF042340F803A01A
:10776000BAF1000F00D13D46736C6268CCF810503E
:1077700053F822102160604643F82240BDE8F087AC
:10778000043853F8042B40F8042F9942F9D8EAE75B
:10779000034B044862464FF4EF71FFF7FDFC00BF56
:1077A000CC020000540300000B6984460069C01A33
:1077B00015D10CF1140C14310CEB830210B401EB55
:1077C000830301E0944508D252F8044D53F8041D98
:1077D0008C42F7D004D24FF0FF3010BC7047704796
:1077E000012010BC704700BF2DE9F04F15460A6913
:1077F0002B69D21A002A83B0884640F0878001F1B5
:10780000140605F1140101EB830106EB830301E08B
:107810009E427ED253F8044D51F8042D9442F7D085
:1078200075D32B460024454698466968FFF7DAFC75
:107830008146002800F089802E69C460D8F81000C5
:1078400005F1140B08F1140E09F1140A05F11002E8
:107850000EEB80000BEB860157464FF0000CCDF885
:1078600004B05EF8044B52F8045F1FFA84FBABB21D
:10787000A3EB0B03240C6344C4EB154404EB234437
:107880009BB243EA0443704547F8043B4FEA244C5B
:10789000E7D8A0EB080208F115084045A2F115024F
:1078A00034BF0020012092080028DDF804B002F166
:1078B00001044FEA840408BF04240BEB0405A94229
:1078C000544433D92746284650F8043B1CFA83FE1B
:1078D0001A0C634402EB2E429BB243EA02438142FC
:1078E00047F8043B4FEA224CEED80139491B21F0FE
:1078F00003010C4423B954F8043D013E002BFAD097
:107900004846C9F8106003B0BDE8F08F89DA012459
:107910008BE70021FFF766FC814678B10122002346
:10792000C0E90423484603B0BDE8F08F00284FEAC1
:10793000820208BF00220AEB0204DBE7064B07487D
:107940004A4640F23721FFF727FC034B03484A46DB
:1079500040F24521FFF720FCCC0200005403000058
:10796000114B0B40A3F15073002B03DD002219468D
:10797000104670475B42B3F1A07F4FEA235206DA0C
:107980004FF4002313410022194610467047A2F11C
:1079900014031E2BDABF4FF00042DA40012200230D
:1079A00019461046704700BF0000F07F02692DE9BC
:1079B000F04100F1140707EB8202A2F1040852F82B
:1079C000046C3046FFF7E8FCC0F120030A280B6086
:1079D00033DD4745A0F10B0119D252F8083C21B321
:1079E000C1F120008E4023FA00F426438B40A2F11F
:1079F000080146F07F558F4245F4401519D252F8E0
:107A00000C2CC240134318462946BDE8F0810B28D0
:107A10000AD006FA01F141F07F5545F440150023E4
:107A200018462946BDE8F081002346F07F5545F40D
:107A3000401518462946BDE8F081474538BF52F841
:107A4000082CC0F10B0326FA03F138BFDA4000F12D
:107A5000150341F07F5528BF002206FA03F345F4D1
:107A60004015134318462946BDE8F081F0B50121C1
:107A700083B016461F46FFF7B5FB0546002847D0E2
:107A8000C7F30A54C7F313030CB143F48013002E59
:107A9000019314D101A8FFF7A1FC019B6B610122A6
:107AA00020302A6114B3089BA4F2334404441C60C0
:107AB000099BC0F135001860284603B0F0BD684648
:107AC0000096FFF78BFC019B00B30099C0F12002E8
:107AD00003FA02F2C34001930A43002BC5E90523D0
:107AE0000CBF012202222A61002CDCD105EB8201AD
:107AF000A0F23243086908990B60FFF74DFC099B1F
:107B0000C0EB42101860284603B0F0BD009AE4E7CD
:107B1000034B04482A4640F20F31FFF73DFB00BFFC
:107B2000CC020000540300002DE9F04383B08846E6
:107B300069468146FFF73AFF04460D46404601A9D3
:107B4000FFF734FFD9F81030D8F81020A3EB020C5F
:107B5000DDE900329B1A03EB4C13002B0BDD05EB28
:107B600003573D4602460B462046294603F01CF8C3
:107B700003B0BDE8F083C3EB033301EB035949467F
:107B8000F0E700BF172870B506460ADD0849094D21
:107B90000020002422462B4602F0DCFE013EF9D1F3
:107BA00070BD054B03EBC003D3E9040170BD00BFFA
:107BB0000000F03F00002440700600000139491128
:107BC00001F1010C116902F1140303EB81018B42F5
:107BD00000EB8C0C16D210B5A0F1040E53F8044B38
:107BE0004EF8044F9942F9D88B1A153B23F0030342
:107BF00004331844844504D9002340F8043B8445E9
:107C0000FBD810BD844505D9002340F8043B8445CA
:107C1000FBD87047704700BF03694A11934200F1D7
:107C2000140009DA00EB830302E053F8042DA2B933
:107C30008342FAD80020704700EB8203F8DD11F090
:107C40001F01F5D010B450F8224024FA01F28A4006
:107C5000944208D0012010BC70470120704753F8AF
:107C6000042D002AF6D18342F9D8002010BC7047B9
:107C70002DE9F04FC3B00C460B9192460D930C903A
:107C8000FBF79CFE036814931846FBF7F9FCA389E5
:107C900013901E0603D52369002B00F0A186002354
:107CA000CDE92633CDE9153312930993002400233F
:107CB000CDE9103432AA25929146D3469BF8003084
:107CC000002B00F03C815C4604E014F8013F002BDF
:107CD00000F01981252BF8D1B4EB0B0540F016818B
:107CE0002378002B00F02B814FF000038DF87730C4
:107CF00000276378089704F1010B4FF0FF3A0BF16E
:107D0000010B9846A8F12003582B00F22581DFE8EB
:107D100013F049022301230144022301230123011B
:107D20002301230123010C023E02230117021C023E
:107D300023013902590059005900590059005900CE
:107D40005900590059002301230123012301230174
:107D50002301230123012301230168009E01230144
:107D60009E01230123012301230174022301230126
:107D7000950023012301230123012301A6002301F0
:107D800023013F06230123012301230123012301B2
:107D9000230123012301230166026A009E019E0143
:107DA0009E0161026A002301230154022301B002F3
:107DB00097009F029A02230179022301A800230160
:107DC00023015F06A8F1300300221BF8018B02EBB0
:107DD000820203EB4202A8F13003092BF5D9089285
:107DE00090E747F01007BD0640F16E810D9B073309
:107DF00023F007031A46596852F8083B0D920A46C9
:107E00000029C0F28C81BAF1000F9DF8774007DBA2
:107E100027F08001069153EA020100F0A883069F33
:107E20000A2B72F1000180F06F8630338DF8C73075
:107E3000012306970A930DF1C70550E047F010079C
:107E400017F0200200F057810D9B073323F0070342
:107E500019465A6851F8083B0D9100210FE047F090
:107E6000100717F0200200F03C810D9B073323F030
:107E7000070319465A6851F8083B0D910121002467
:107E8000BAF1000F8DF8774007DB27F080000690ED
:107E900053EA020000F06C83069F0129C0D002293A
:107EA00000F0E78232AD03F00701DB0843EA4273DA
:107EB000D208303153EA0206284605F8011DF2D1F6
:107EC000FB0740F1E482302900F0E18230230238E0
:107ED00005F8013C32AB1B1A06970A9305460A9B2C
:107EE0005345B8BF5346079300230F9314B1079B24
:107EF00001330793069B13F002033FD0079B023325
:107F0000079302233AE0B4EB0B0518D0279B2B44D0
:107F10002793269B0133072BC9E900B5269305DC7F
:107F200009F10809099B2B440993D9E6DDE90B10F7
:107F300025AA02F06FF930B90DF1C809F2E7279BC5
:107F4000002B40F046870B9B9B895B0601F1168056
:107F5000099843B0BDE8F08FB8F1000FEFD00023CF
:107F60008DF8773001238DF8A08007930A9328AD10
:107F70004FF0000A0697CDF83CA05346069A279C7E
:107F800012F084020E9205D1DDE90712561A002E76
:107F900000F300839DF877208AB1269A0DF17701CE
:107FA00001320134C9F80010072A4FF0010127946B
:107FB0002692C9F8041000F3268309F1080983B159
:107FC000269A1EA901320234C9F80010072A4FF080
:107FD000020127942692C9F8041000F3228309F1C4
:107FE00008090E9B802B00F0B9810A9BAAEB0306BF
:107FF000002E00F3F581069BDE0500F147810A9B08
:10800000C9F804301C44269BC9F800500133072BE3
:108010002794269300F3548209F10809069B5A0716
:1080200005D5DDE907239D1A002D00F30683DDE960
:10803000082307998A42ACBF9B185B180993002C50
:1080400040F02A82002326930DF1C80936E60D9BE5
:10805000073323F00703F3E802450D9325F00043AF
:1080600019931894DDE91801B64B4FF0FF32CDE9B2
:10807000104502F009FF002840F00F84DDE91801E7
:10808000B04B4FF0FF3202F0E1FE002840F00584D3
:10809000002200232046294602F0CEFE002840F0B0
:1080A00030869DF87740A84D27F080030693A74BB4
:1080B000B8F1470FD8BF1D464FF0000A03230793BE
:1080C0000A93CDF83CA011E70D9AFC0652F8043B48
:1080D0000D921FD478061DD543F3C03211461BB252
:1080E0008EE60D9951F8043B0D9117F0100100F048
:1080F000CC830121C3E60D9951F8043B0D9117F093
:1081000010017FF4AAAE17F040023FF4A6AE0A4673
:108110009BB2A2E6DA1711460029BFF674AE5B42A5
:1081200062EB42022D240121AAE60D9B53F8042B99
:108130000892002A80F2A183089A0D935242089275
:108140009BF8003047F00407D9E55A4612F8018B36
:10815000B8F12A0F00F05B87A8F13003092B98BF14
:108160004FF0000A00F2C68612F8018B0AEB8A0A69
:1081700003EB4A0AA8F13003092BF5D94AEAEA7A57
:108180009346BFE59BF8003047F08007B7E52B2307
:108190008DF877309BF80030B1E59BF8003047F060
:1081A0000107ACE59DF877209BF80030002A7FF4AA
:1081B000A6AD20228DF87720A1E59BF800306C2B2E
:1081C00003BF9BF8013047F020070BF1010B47F08C
:1081D000100794E59BF8003047F040078FE50D9BB2
:1081E00000228DF8772053F8042B0D9301238DF88E
:1081F000A02007930A9328ADBAE69BF8003047F019
:1082000008077CE50D9C54F8045B00268DF8776028
:10821000002D00F01D85BAF1000FC0F21C845246FB
:1082200031462846FCF74CFD002800F05286431BDF
:108230000A9323EAE3730D94B2469DF877400697BC
:1082400007930F9652E69BF8003047F0200756E55B
:108250000D9A52F8043B0D9247F63002ADF87820A3
:108260003B4A159247F00207002202214FF078089E
:1082700005E6BD0640F183830D9B099A1B681A60D1
:10828000D2175A600D9B04330D9317E5B8F1650FB3
:1082900040F32281DDE910010022002302F0C2FD3B
:1082A000002800F00682269B2A4AC9F800200133E4
:1082B00001340122072B27942693C9F8042000F3E8
:1082C000A08409F108091F9B129A934203DB069BC5
:1082D000DD077FF5A3AE139B149A1C44C9E9002364
:1082E000269B27940133072B269300F3A48409F1DE
:1082F0000809129B5D1E002D7FF790AE102D269B66
:10830000154F40F3D280DDE90BA8102605E009F1F6
:108310000809103D102D40F3C88001331034072B9D
:10832000C9E90076CDE92634F1DD25AA514640465B
:1083300001F070FF00287FF406AEDDE926340DF170
:10834000C809E6E7FFFFEF7F880300008403000011
:108350008802000094030000A8070000DDE907235D
:108360009E1A002E7FF741AE102E269BB74F24DDBC
:108370004A462146A946DDE90B5404E0103E102E82
:1083800002F1080216DD013310311020072BCDE970
:10839000263117605060F1DD25AA2946204601F0FC
:1083A00039FF00287FF4CFAD103E102EDDE92631D5
:1083B00032AAE8DC4D460C46914601333444072B83
:1083C000CDE92634C9F80070C9F8046000F32684AA
:1083D0000A9BAAEB0306002E09F108097FF70BAEF2
:1083E000102E269B994F2CDD4A462146B1464FF070
:1083F000100A2E46DDE90B5406E0A9F11009B9F187
:10840000100F02F1080218DD013390481031072BDC
:10841000C2E9000ACDE92631EFDD25AA294620462A
:1084200001F0F8FE00287FF48EADA9F11009B9F132
:10843000100FDDE9263132AAE6DC35460C464E4601
:10844000914601333444072BCDE92634C9F8007036
:10845000C9F8046000F3EA8109F10809CBE50129B4
:10846000069F4FF000033FF4E0AC02291A467FF468
:1084700019AD159832AD03F00F011B09415C05F8E9
:10848000011D43EA0273120953EA0201F3D132AB30
:108490005B1B06970A9322E5DDE90B1025AA01F084
:1084A000B9FE00283FF4CEAD4DE501332C44072B37
:1084B000C9F80070C9F80450CDE926347FF7ACAD97
:1084C000DDE90B1025AA01F0A5FE00287FF43BADE5
:1084D000279C0DF1C809A1E5129B269E012B04F1F2
:1084E000010406F1010609F1080840F35B8101234C
:1084F000072ECDE92664C9F80050C9F8043000F30E
:10850000A281139B149A01361C44072EC8E900234C
:10851000CDE9266400F3A48108F10808129BDDE987
:10852000100103F1FF390022002302F07BFC002838
:1085300040F05381013601354C44072ECDE92664C5
:10854000C8F80050C8F8049000F33A8108F1080810
:10855000169BC8F8043001361C44072E21ABCDE928
:108560002664C8F80030ABDC08F1080956E50121A3
:10857000BAF1000F7FF473AF002940F00E8117F0BD
:1085800001030A9300F07E8130238DF8C7300DF18E
:10859000C705A4E4102E269A2D4F26DD4946204615
:1085A000A9461793DDE90B5404E0103E102E01F1AB
:1085B000080116DD013210301023072ACDE92620EC
:1085C0000F604B60F1DD25AA2946204601F022FE0E
:1085D00000287FF4B8AC103E102EDDE9262032A929
:1085E000E8DC179B4D460446894601323444072A8D
:1085F000CDE92624C9F80070C9F8046000F3BE82F2
:1086000009F10809C6E4DDE90B1025AA179301F06A
:1086100001FE00287FF497AC279C179B0DF1C80939
:10862000CDE4DDE90B1025AA01F0F4FD00287FF46C
:108630008AAC279C0DF1C809D3E4102D269B044F6A
:1086400024DDDDE90BA8102609E000BFA807000023
:1086500098070000103D102D09F1080916DD0133BF
:108660001034072BC9E90076CDE92634F2DD25AABE
:108670005146404601F0CEFD00287FF464AC103D29
:10868000102DDDE926340DF1C809E8DC01332C4456
:10869000072BC9E90075CDE926347FF7C8ACDDE9C1
:1086A0000B1025AA01F0B6FD00287FF44CAC279CE6
:1086B000BDE41F99002940F370820F9F129B9F42D7
:1086C000A8BF1F46002F0BDD269B01333C44072B20
:1086D000C9E900572794269300F3DD8309F10809BF
:1086E0000F9E002FA8BFF61B002E00F388811F9B52
:1086F000129A934280F26F81139A14991444C9E933
:108700000012269A27940132072A269200F3FE824D
:1087100009F10809129A0F99D31A561A9E42A8BF56
:108720001E46002E0EDD269AC9F8046001320D4463
:108730003444072AC9F800502794269200F3B783DF
:1087400009F10809002EACBF9D1B1D46002D7FF7C7
:1087500065AC102D269BAF4F7FF7A7AEDDE90BA8C8
:10876000102605E009F10809103D102D7FF79DAE98
:1087700001331034072BC9E90076CDE92634F1DD49
:1087800025AA5146404601F045FD00287FF4DBABA9
:10879000DDE926340DF1C809E6E7CDF828A032ADB1
:1087A000FFF79DBB069BD9073FF5A1AE0123072E1E
:1087B000CDE92664C9F80050C9F804307FF7C8AE87
:1087C000DDE90B1025AA01F025FD00287FF4BBABE5
:1087D000DDE926640DF1C808BAE6129B012B7FF78C
:1087E000B7AE112B8B4F40F37182DDF830A010250E
:1087F00007E008F10808A9F11009B9F1100F40F3DA
:10880000658201361034072EC8E90075CDE926646B
:10881000EFDD0B9925AA504601F0FCFC00287FF4FF
:1088200092ABDDE926640DF1C808E4E7DDE90B1041
:1088300025AA01F0EFFC00287FF485AB279C0DF101
:10884000C809FFF7D8BBDDE90B1025AA01F0E2FC4F
:1088500000287FF478ABDDE926640DF1C80850E606
:10886000DDE90B1025AA01F0D5FC00287FF46BABE5
:10887000DDE926640DF1C80850E60D939BF8003041
:10888000FFF73DBA32ADFFF72ABB17F040021CBF1D
:108890000A469BB20121FFF7F2BADDE91001024658
:1088A0000B4602F0F1FA002840F06D83BAF1FF3F69
:1088B00028F0200600F00A83472E04D1BAF1000FF9
:1088C00008BF4FF0010ADDE9101247F48070002A5A
:1088D0000690C0F2358200230E93DDE91034CDE915
:1088E0001A34B8F1650F00F0008300F33082B8F15C
:1088F000450F00F0FA8223AB049320AB03931FAB28
:108900000293022300930C98CDF804A0DDE91A230A
:1089100000F028FDF907054640F1B18000EB0A049C
:10892000DDE91A010022002302F07CFA002840F061
:108930003082239BA34206D230215A1C2392197005
:10894000239B9C42F9D81F9A0F925B1B472E1293D0
:1089500000F09A80B8F1660F40F09C800F9A07F003
:108960000103002A43EA0A0340F36C82002B40F023
:1089700024830F9B07930A934FF066081FE2FC06BF
:1089800078D4780676D50D9B099A1B681A8079E40D
:10899000214B159317F0200200F0A8800D9B0733A0
:1089A00023F0070319465A6851F8083B0D91F9075F
:1089B00040F1998053EA020100F0958030218DF852
:1089C00078108DF8798047F002070221FFF757BA37
:1089D000124B1593DEE7069AD0077FF59BAE8BE628
:1089E0000C984021FDF714F90B9B186018610028C2
:1089F00000F0C1820B9A40235361FFF750B9102E4B
:108A0000269B044F40F36F8122464FF01008DDE9AA
:108A10000B4A0BE0A8070000740200008802000067
:108A200009F10809103E102E40F35C810133103229
:108A3000072BC9E90078CDE92632F1DD25AA2146C8
:108A4000504601F0E7FB00287FF47DAADDE92632DD
:108A50000DF1C809E6E72846FAF712FE20EAE073AE
:108A60000D940A909DF877400697B24607930F96AB
:108A7000FFF73CBA0D9B099A1B681A6002E4239B1E
:108A80001B1A12931F9B0F930F9BDA1C80F2858198
:108A9000A8F102080F9B8DF88480591E00291F91B0
:108AA000B6BFC3F101012B232D2309298DF8853091
:108AB00000F39E81302330318DF8863004238DF809
:108AC00087101693129A169B012A13440A9340F3B7
:108AD00016820A9B139A13440A9323EAE3730793BB
:108AE00000230F936BE10221FFF7C9B90D9951F8EB
:108AF000043B0D9117F010017FF459AF17F04002BD
:108B00001CBF9BB20A4652E7CDE90687B44E32AD90
:108B10004FF0050E991841F10001A6FB010727F05F
:108B2000030000EB9700091A581A9846944662F120
:108B300000034FF0CC3202FB00F206FB0322A0FB45
:108B4000063003F001070244A7FB0E074018B8F1F6
:108B50000A0F4FEA530300F130007CF1000C43EAA6
:108B6000C27305F8010D4FEA5202D3D2DDE9068740
:108B700032AB5B1B06970A93FFF7B1B9DDE90B1027
:108B800025AA179301F046FB00287FF4DCA9279C57
:108B9000179B0DF1C809FFF7FDB9269B914AC9F84B
:108BA0000020013301340122072B27942693C9F8B2
:108BB000042000F3B88009F10809002952D1069B6E
:108BC000129A03F0010313433FF428AA139B14994C
:108BD0001A19C9E90013269B27920133072B269304
:108BE00000F3398109F108091299C9F800500133DD
:108BF0008C18072BCDE92634C9F804107FF70CAA8E
:108C00005EE4DDE90B1025AA01F004FB00287FF4E7
:108C10009AA9279C0DF1C809FFF755BBDDE90B1098
:108C200025AA01F0F7FA00287FF48DA9279C0DF101
:108C3000C809FFF7DAB9DDE90B1025AA01F0EAFA55
:108C400000287FF480A9279C0DF1C809FFF751BBCC
:108C50005346062B28BF0623634D0A930D940793B2
:108C6000FFF786B9139B14981A19C9E90003269BCC
:108C700027920133072B269300F3ED8009F10809B1
:108C80000029B1DA4E421031584F80F24181DDE9BE
:108C90000BA8102405E009F10809103E102E40F33E
:108CA000378101331032072BC9E90074CDE9263230
:108CB000F1DD25AA5146404601F0ACFA00287FF4C8
:108CC00042A9DDE926320DF1C809E6E701364C4438
:108CD000072ECDE92664C8F80070C8F804907FF725
:108CE00035AC6DE5144601333444072BCDE9263409
:108CF000C9F80070C9F8046000F3BB8009F10809E5
:108D0000F5E42D248DF87740FFF7CDB9DDE90B10A0
:108D100025AA01F07FFA00287FF415A91F9B279C44
:108D20000DF1C809F6E4DDE90B1025AA01F072FA8D
:108D300000287FF408A91F99279C0DF1C8093CE77A
:108D400002F100431B932D231A910E93C9E5B8F14C
:108D5000660F7FF4D0ADCDF81CA00323009323ABA6
:108D6000049320AB079C03931FAB019402930C98D0
:108D7000DDE91A2300F0F6FAB8F1660F054604445F
:108D80007FF4CEAD2B78302B00F0E7801F9B1C4486
:108D9000C6E51F9A0F922346D7E59A45FFF678AEAF
:108DA000129B0F9A934200F3CB80FE070F9B00F1BA
:108DB000FB8023EAE37207920A934FF067080E9B49
:108DC000002B62D02D238DF877304FF0000AFFF78B
:108DD0008EB8DDE90B1025AA01F01CFAFFF7B3B835
:108DE000CDCCCCCC940300009C020000A80700006E
:108DF0000DF193048D4E23461846A6FB0123DB0894
:108E000003EB8302A1EB4202303200F8012C0A4648
:108E1000632A194600F1FF33EEDC303103F8011C00
:108E2000831EA34280F0FE800DF1850213F8011B22
:108E300002F8011FA342F9D142AB181AA0F1710345
:108E400016933FE6002B40F0D080012307934FF0AC
:108E500066080A93B3E7DDE90B1025AA01F0DAF9F9
:108E600000287FF470A8DDE926321F990DF1C809AA
:108E700006E7DDE90B1025AA01F0CCF900287FF404
:108E800062A8279C0DF1C80931E4DDF838A09DF8EF
:108E90007740FFF72BB8DDE90B1025AA01F0BAF9EE
:108EA00000287FF450A8279C0DF1C80918E4DDE9DB
:108EB0000B1025AA01F0AEF900287FF444A81F9BEF
:108EC000129A279CD31A0DF1C8093BE44FF0060A09
:108ED000F9E40D94CDF81CA0CDF828A09DF87740BA
:108EE000069782460F90FFF701B80AF10103079336
:108EF000022333E793464FF0000AFEF703BF17F053
:108F000001020F927FF4E5AD23EAE373079356E77E
:108F100001333244072BCDE92632C9F80070C9F875
:108F200004607FF75FAEDDE90B1025AA01F072F94E
:108F300000287FF408A8DDE926320DF1C80953E6C0
:108F4000DDE9123213440F9A0A93002A41DD23EA25
:108F5000E37307934FF0670831E7DDE91A01002258
:108F6000002301F05FFF00284BD01F9B0F931C4490
:108F7000631B1293F2E40C9A0C2313604FF0FF333F
:108F80000993FEF7E5BF119B294D002BB8BF2D2497
:108F900027F080030693A8BF9DF87740254BB8BF04
:108FA0008DF87740FFF784B8139A13440A9323EAA5
:108FB000E37307934FF0670801E7139B0AEB03087D
:108FC00008EB02030A9323EAE37307934FF0660862
:108FD000F5E60F9B0A9AC3F101031A4422EAE273F1
:108FE0000A9207934FF06708E9E6139B03F1010823
:108FF00008EB0A030A9323EAE37307934FF066082A
:10900000DDE6079BC3F101031F931C4488E40D991F
:109010009BF8013051F804AB0D9193464AEAEA7A85
:10902000FEF76DBE022316934CE500BFCDCCCCCC31
:10903000900300008C03000088420ED98B188342F5
:109040000BD900EB020C002A6ED0624613F801CD5A
:1090500002F801CD9942F9D170470F2A0FD8034683
:1090600002F1FF3C002A5FD00CF1010C013B8C4463
:1090700011F8012B03F8012F6145F9D1704740EA3F
:1090800001039B0751D1A2F1100370B501F1200C2F
:1090900023F00F0501F1100E00F11004AC441B0980
:1090A0005EF8105C44F8105C5EF80C5C44F80C5CF4
:1090B0005EF8085C44F8085C5EF8045C44F8045C04
:1090C0000EF1100EE64504F11004E9D1013312F05F
:1090D0000C0F01EB031102F00F0400EB031328D077
:1090E000043C24F003064FEA940C1E441C1F8E46D9
:1090F0005EF8045B44F8045FB442F9D10CF101045A
:1091000002F0030203EB840301EB840102F1FF3C54
:109110004AB10CF1010C013B8C4411F8012B03F80E
:10912000012F6145F9D170BD704702F1FF3C034644
:109130009AE72246EAE700BFFF289DBF024B185C72
:1091400000F00800002070476905000008B50620FF
:1091500001F028F9012002F0BDF900BF38B5A1FBEC
:10916000021454BBFCF754FD054650B350F8042CD0
:1091700022F00302043A242A10D8132A13D91B2AF6
:10918000C0E9004416D9242AC0E902440ABFC0E954
:10919000044400F1100200F1180205E02146F7F73F
:1091A000B9FE284638BD02460023C2E90033936069
:1091B000284638BD00F10802F6E7FCF73FFC0C2317
:1091C00003600025284638BD38B50C46084D844656
:1091D000114620461A4600232B606446F7F77AFBB7
:1091E000431C00D038BD2B68002BFBD0236038BD5A
:1091F000480800200CB400B583B004AB53F8042B2E
:109200000193F7F7FDFE03B05DF804EB02B0704781
:109210000EB410B583B005AB064C53F8042B019384
:1092200001462068F7F7ECFE03B0BDE8104003B03C
:10923000704700BF080000202DE9F04F03690C695A
:10924000A34283B0C0F28A80013C01F1140500F111
:10925000140855F8243058F8242001339A428E46D9
:1092600081464FEA840105EB840708EB840AB2FBD0
:10927000F3F63AD3CDE900150022AC46404613463A
:109280005CF8041B05681FFA81FB06FB0B22090C26
:109290004FEA124B06FB01BB92B2A9B2891A1944DC
:1092A0001FFA8BF3C3EB214303EB154389B241EA69
:1092B0000341674540F8041B4FEA1B424FEA234332
:1092C000DED2DDE9001558F8013073B9AAF1040ABD
:1092D000D04504D307E0D04504F1FF3403D25AF857
:1092E0000439002BF7D0C9F8104071464846FEF704
:1092F0005BFA00282EDB4146002255F8040BD1F81A
:1093000000C01FFA80FE1FFA8CF3A3EB0E03134478
:10931000020CC2EB234202EB1C429BB243EA024323
:10932000AF4241F8043B4FEA2242E6D258F82420EB
:1093300008EB84036AB9043B434504D807E0984529
:1093400004F1FF3403D253F80429002AF7D0C9F8F6
:1093500010400136304603B0BDE8F08F002003B066
:10936000BDE8F08F2DE9F04F816B9BB016461F468C
:10937000CDE90667279D049049B1C26B4A6001237D
:10938000934004468B60FDF753FF0023A363B7F1BE
:109390000009B4BF012300232B60794BBCBF29F027
:1093A0000049CDF81C9033EA090300F0AD80DDE9F7
:1093B00006340022184621460023CDE9020101F0BF
:1093C00031FD804668B1269A01231360289B13B1B2
:1093D000289A6C4B13606C4B059305981BB0BDE845
:1093E000F08F18AB019319AB00930498DDE90223C9
:1093F000FEF73CFB5FEA1955824640F09B80DDE9B1
:109400001885454405F23243202B40F38F83C3F186
:10941000400309FA03F905F2124326FA03F349EA75
:10942000030001F01DFA0123013DA1F1F871109331
:10943000564B002201F0D6F84BA3D3E9002301F0EC
:1094400089FA4BA3D3E9002301F0CEF8064628465B
:109450000F4601F015FA48A3D3E9002301F07AFA88
:1094600002460B463046394601F0BEF806460F4626
:1094700001F020FD002204460890002330463946C2
:1094800001F0DAFC002840F02783089CA8EB0508CF
:1094900008F1FF33162C099300F28D813C4B03EB4E
:1094A000C403D3E90023DDE9020101F0C5FC002873
:1094B00074D0631E089300230F9308F1FF33002B31
:1094C000C0F2808100230A93089B002B6CDA089B72
:1094D0000A9A0B93D21A0A925A4200230893249BA9
:1094E0000E92092B6AD8052B40F32583043B249365
:1094F0000025249B023B032B00F23786DFE813F0A4
:109500007304700467044B04269AC9F3130942F2EA
:109510000F7359EA060913601CD1289B002B00F039
:1095200044861C4B05930833289A059813601BB09A
:10953000BDE8F08FDDE90212C2F31303084643F0E1
:109540007F51CDF84080A5F2FF35DDF8608041F411
:1095500040116DE7289B002B40F0F8830E4B0593DC
:109560003BE700BFAFF3008061436F63A787D23F43
:10957000B3C8608B288AC63FFB799F501344D33F02
:109580000000F07F95030000940300000000F83F06
:109590008006000098030000A4030000B8F1000F4B
:1095A00040F3A6840F900A90DDE908231344099341
:1095B00000230E93249B0B92092B94D90023CDE911
:1095C000243301250C954FF0FF3B049BCDF844B0AC
:1095D0000021D9630498FDF705FE0590002800F0EE
:1095E000CD85DDE90432BBF10E0F9A6300F21981DB
:1095F000002D00F016810B99002940F34984B44BEB
:1096000001F00F0203EBC203C805D3E900894FEA5A
:10961000211540F10B84AF4BDDE90201D3E90823AA
:1096200001F0C2FACDE9120105F00F0503277DB163
:10963000A84EE90708D540464946D6E9002301F07F
:1096400089F90137804689466D1006F10806F0D188
:1096500042464B46DDE9120101F0A6FA80468946F2
:109660000F9B43B19C4B00224046494601F0E4FB6E
:10967000002840F00A85384601F002F942464B4680
:1096800001F068F9954B002200F0AEFFA1F1507394
:10969000CDE912011393BBF1000F00F0A9800B9BE1
:1096A000CDE916B34946404601F004FC8849169CB2
:1096B00001EBC40353E902120546CDE9141201F08F
:1096C000DFF80B4602464946404600F08BFF059FF7
:1096D0000C9B30357E1CECB2804689463546002B0B
:1096E00000F06E84DDE914237D49002001F05CFA6E
:1096F000DDE9122300F076FF3C7042464B460446FB
:109700000D4601F0B7FB002840F0B784CDF850B00B
:109710000027DDF858B0CDF848A02BE001375F45B1
:1097200080F2FD846F4B20462946002201F012F999
:109730006C4B002204460D464046494601F00AF9AA
:109740008946804601F0B6FB824601F099F8024650
:109750000B464046494600F045FF0AF1300A06F83C
:1097600001AB22462B468046894601F065FB002866
:1097700040F0D28442464B465749002000F032FF69
:1097800022462B4601F058FB0028C7D0179BDDF876
:1097900048A0059A374603F1010802E0974200F01D
:1097A0009A843E4617F8013D392BF7D00133DBB2DE
:1097B0003B7045467FE101230F9308F1FF33002BF7
:1097C000BFF680AEC8F101030A93002309937BE63C
:1097D000384601F055F842464B4601F0BBF83F4B86
:1097E000002200F001FFA1F15073CDE912011393A3
:1097F0003D4B00224046494600F0F4FEDDE91245AB
:1098000022462B4606460F4601F034FB002840F066
:10981000718430463946224605F1004301F00CFBC5
:1098200028BB199B002BC0F291800B9A0E2A00F3E3
:109830008D80274B0B9A03EBC203D3E90034CDE9AB
:109840000634259B002B19DABBF1000F16DC0ED174
:10985000254B0022DDE9060101F07CF802460B46AB
:10986000DDE9020101F0F2FA002800F04384002350
:10987000059E02931F46259BDD432EE2059B5D1C42
:10988000DDE90678DDE902013A46434601F08CF94C
:1098900001F010FB064600F0F3FF3A46434601F0A4
:1098A00059F802460B46DDE9020100F09BFE059ADD
:1098B00006F13003BBF1010F2F46137000F0238334
:1098C0000125CDF808A0A846DDE9069A2CE000BFE6
:1098D00080060000700700000000F03F00001C4000
:1098E0000000E03F00002440000014404A46534678
:1098F0002046294601F058F901F0DCFA064600F04E
:10990000BFFF4A46534601F025F808F101080B460F
:1099100002462946204600F065FE06F13003D84590
:1099200007F8013B00F0ED82844B002201F012F8B1
:109930000022002304460D4601F074FA0028D5D019
:109940000B9DDDF808A001353E46B4E00C9A002AD4
:1099500040F0D88000230E9E0A9D0C931F4665B1EF
:10996000099900290B4608DD0A9AA942A8BF2B468F
:10997000D21AED1ACB1A0A9209930E9B53B10C9B83
:1099800013B1002E40F0F88251460E9A0498FDF76C
:1099900039FE824604980121FDF750FD089B029094
:1099A000002B40F0BE81249B012B40F3D481012089
:1099B000099A104410F01F0000F09B80C0F12003B2
:1099C000042B40F3E3810A9BC0F11C0003440244D2
:1099D0000A93054409920A9B002B05DD5146049821
:1099E0001A46FDF769FE8246099B002B05DD0299A8
:1099F00004981A46FDF760FE02900F9B002B40F082
:109A00007581BBF1000F40F34C810C9B002B40F0A3
:109A1000A4800B9D0135DDF81480029CDDF81090C8
:109A2000012607E0514600230A224846FDF70AFCBA
:109A30000136824621465046FFF7FEFBB34500F152
:109A4000300008F8010BEDDCBBF1000F059BCCBF2B
:109A50005E460126814603EB060B00245146012297
:109A60000498FDF729FE02998246FDF79DFE002825
:109A700040F3EF81059A02E0934500F004825E46D0
:109A80000BF1FF3B16F8013C392BF5D001338BF875
:109A90000030DDF8108002994046FDF7C9FB57B150
:109AA0002CB1BC4203D021464046FDF7C1FB0498CF
:109AB0003946FDF7BDFB04985146FDF7B9FB00237D
:109AC0003370269B1D60289B002B3FF486AC0598C5
:109AD0001E601BB0BDE8F08F204600F0D1FE32467C
:109AE0003B4601F09FF900287FF4CFAC631E08933A
:109AF000CBE41C230A9A1A440A92099A1A441D4478
:109B0000099268E7249A012A40F3AE810E9B0BF17B
:109B1000FF36B342C0F26A81BBF1000FA3EB060629
:109B200080F2EC820A9BA3EB0B056DE1C3F12003ED
:109B300006FA03F075E40125DBE400BF00002440D1
:109B40003946002304980A22FDF77CFB119B002B69
:109B5000074640F3FC820B969B46002D05DD3946F7
:109B600004982A46FDF7A8FD0746089B002B40F005
:109B7000E781B846059E731E03EB0B04069B0A940F
:109B800003F00103049C0C9302995046FFF754FB29
:109B9000394683465046FDF707FE02990546424680
:109BA0002046FDF721FEC3680BF130090146ABBB2F
:109BB00009905046FDF7F8FD099908902046FDF7F9
:109BC00037FB089A002A54D1249B1BB90C9B002B0D
:109BD00000F0AB82002D3FDB0A9BB3469E420BF8A0
:109BE000019B00F0C481514600230A222046FDF764
:109BF00029FB4745824639464FF000034FF00A02E1
:109C0000204630D0FDF71EFB4146074600230A22BE
:109C10002046FDF717FB5E468046B5E70498FDF742
:109C200007FB002D06DB069B03F00102249B1D436E
:109C30002A4329D1514601220498FDF73DFD02999E
:109C40008246FDF7B1FD002840F3F780B9F1390FE6
:109C500000F046820BF131090B9D06F8019B3C4652
:109C60000135474615E7FDF7EDFA5E4607468046A3
:109C70008AE7002DC0F29082249B1D430C9B1D435C
:109C800000F08A82002AA7DDB9F1390F00F028829E
:109C90000B9D09F101033C4606F8013B013547469F
:109CA000F7E6249B022B7FF7B0AEBBF1000F40F02C
:109CB0002681029904985B460522FDF7C3FA014606
:109CC00002905046FDF770FD002840F31881059E74
:109CD0000B9D312306F8013B013502990498FDF7ED
:109CE000A7FA0135002F7FF4E2AEE4E60299504670
:109CF000FDF75AFD0028BFF684AE514600230498B4
:109D00000B9C0A22FDF79EFA0C9B661E8246002BD6
:109D10007FF416AF119B002B40F30E820B9D9B46E8
:109D200079E601461A460498FDF76CFC249B0290E4
:109D3000012B6FDD00230893029A136902EB830362
:109D40001869FDF729FBC0F1200031E6984B059317
:109D50000333FFF7E9BB069B002B7FF428AEDDE958
:109D60000612C2F31303002B7FF421AE914B134074
:109D700033B10A9B01330A93099B013309930123F1
:109D8000089A0893002A3FF412AED5E73FF423AEB9
:109D9000C0F13C03AEE601230C93259B0B9A1344C0
:109DA00003F1010B5E46012E1193B8BF0126172E59
:109DB00040F3F681012204235B0003F11400B0425A
:109DC000114602F10102F7D9049BD96302E4012391
:109DD0000C93259B002B37DD11939B461E46E6E72F
:109DE00000230C93D9E700230C93F2E70E9B089A0B
:109DF0000E96F31A1A44099B08925B4409930A9B36
:109E00001D465B440A93002604980121FDF716FBCA
:109E10000746A4E5069B002B8CD1DDE90601C1F3C2
:109E200013030A46002BA1D0089085E7DDE9023430
:109E30000227CDE91234FFF7FABB7FF40DAF19F01A
:109E4000010F7FF403AF07E7012325939B46FFF73C
:109E5000BCBB03D119F0010F7FF40CAE5E461BF8BA
:109E6000013D302BFAD014E6109A002A00F09C80B5
:109E700003F23343099A0E9E1A4409920A9A154630
:109E80001A440A92C0E7059A31230135137000E69F
:109E900000F0F6800B9A484B554205F00F0203EB99
:109EA000C203D3E90023DDE9020100F053FD2D11C7
:109EB000CDE9120100F05481404E00230227804674
:109EC0008946EA0709D5D6E900234046494600F00D
:109ED00041FD01378046894601236D1006F10806D1
:109EE000EFD1002B7FF4BCABDDE91289FFF7B8BBE3
:109EF000C8F1010309900A930F90FFF755BB059E27
:109F0000B9E4DDF808A002460B4600F06DFB0B9D9E
:109F1000CDE90201013502460B46DDE90601A846FE
:109F200000F08AFF40B9DDE90223DDE9060100F017
:109F300079FF18B1F30701D5059A32E43E46BAE538
:109F400079680498FDF74EF90546002800F01D8158
:109F50003B6902339A0007F10C010C30FCF77EFAE2
:109F6000049829460122FDF7A7FB804602E60B9DD7
:109F70003C460135474671E5049C39463246204649
:109F8000FDF740FB5246014607462046FDF784FA9E
:109F9000514680462046FDF74BF90E9B9B1BC2465F
:109FA0000E933FF4F7ACEFE4189BC3F1360361E77F
:109FB000A40300000000F07F80060000700700008E
:109FC000DDE91423DDE9120100F0C4FC059B1C70DF
:109FD000169B012BCDE90C0100F0C080169F059B5C
:109FE0001F447A4B00224046494600F0B3FC8946A4
:109FF000804600F05FFF044600F042FC3034024629
:10A000000B464046494600F0EDFA06F8014BBE42C9
:10A0100080468946E5D16E4B0022DDE90C0100F057
:10A02000E3FA02460B464046494600F023FF00286B
:10A030006CD1DDE90C236649002000F0D3FA02461A
:10A040000B464046494600F0F7FE80B9199B002BAD
:10A05000FFF680AC0B9B0E2B3FF77CAC5D4B0B9A55
:10A0600003EBC203D3E90034CDE9063408E43E46ED
:10A07000013F16F8013C302BF9D0179D01351AE548
:10A08000DDE902890227FFF7EBBABBF1000F3FF4CD
:10A090009FAB119C002C7FF7C4AB0B9B013B0022B4
:10A0A000404649461793494B00F054FC8046894688
:10A0B000781C00F0E5FB42464B4600F04BFC464B5B
:10A0C000002200F091FAA1F15073CDE9120116942B
:10A0D0001393FFF7E7BA08F101083123FFF768BBD4
:10A0E0000B9D059AB34639233C460BF8013B0135DD
:10A0F0004746C4E4002302931F46E8E5099B5B44FE
:10A1000009930A9B1D465B440A937DE6179B059ABB
:10A1100003F10108FFF745BBDDF848A0ADE7DDF826
:10A1200048A0DDF850B0FFF77CBBB9F1390FD7D0AC
:10A13000002D3FF78FAD8FE5249B022B03DC0B9D99
:10A14000DDF844B067E4DDF844B00B96ADE5249B40
:10A15000022BF8DCDDF844B00B96FEE437465AE7F4
:10A16000DDE912890227FFF77BBA049B0025DD6336
:10A1700029461846FDF736F80590D0B9174B184810
:10A18000002240F2AF11FDF707F8144B14482A469D
:10A1900040F2EF21FDF700F8002A3FF74BAD5BE5F9
:10A1A000049B0021D963FFF715BA0E4B0593FFF707
:10A1B00014B9DDE904324FF0FF3B9A630123259582
:10A1C000CDF844B00C93FFF72CBB00BF0000244037
:10A1D0000000E03F8006000000001C40CC020000B0
:10A1E000A80300009803000038B50C46084D8446CB
:10A1F000114620461A4600232B60644601F054F9AC
:10A20000431C00D038BD2B68002BFBD0236038BD29
:10A21000480800202DE9F843154692682C68FAB1E9
:10A2200080468946083401E00834CFB16B68591E76
:10A23000002B1746696013DD54F8046C002EF3D030
:10A24000334654F8082C4946404600F067F9431C51
:10A2500007D0AA68921B1746AA600834002FE5D1E0
:10A2600000200023C5E90133BDE8F88338B5D0F8F4
:10A2700018410CB1002038BD80210546FBF7C8FC11
:10A280000246C5F8180130B1031F7C3243F8044F71
:10A290009342FBD1EEE74FF0FF3038BD30B51F29B8
:10A2A00083B0054609D8D0F818310C4653B153F89D
:10A2B000240043F8242003B030BD162303604FF080
:10A2C000FF30F8E780210192FBF7A2FC019AC5F864
:10A2D000180103460028F2D0011F00F17C05002080
:10A2E00041F8040FA942FBD1E1E700BF1F2938B5AF
:10A2F00005461FD8D0F818210C466AB152F8213013
:10A3000053B1012B06D0591C10D0002142F8241063
:10A3100020469847002038BD284600F0FDF8224628
:10A3200001462846BDE8384000F0E0B81623036037
:10A33000012038BD162303604FF0FF3038BD00BF49
:10A340001F292CD838B5D0F818310C460546A3B1D2
:10A3500053F8242003EB84034AB1511C0BD0012A8B
:10A3600007D0002520461D609047284638BD0120B3
:10A3700038BD032038BD022038BD8021FBF748FCE2
:10A380000346C5F8180138B1021F00217C3042F89D
:10A39000041F8242FBD1DBE74FF0FF3038BD4FF0A6
:10A3A000FF30704738B5144B1F281D681ED8D5F8EC
:10A3B0001821044662B152F820304BB1012B05D070
:10A3C000591C0FD0002142F820109847002038BDBA
:10A3D000284600F0A1F8224601462846BDE838404C
:10A3E00000F084B816232B60012038BD16232B60A3
:10A3F0004FF0FF3038BD00BF08000020124B1F286F
:10A4000070B51E6809D8D6F8183104460D464BB110
:10A4100053F8240043F8245070BD162333604FF0E6
:10A42000FF3070BD80213046FBF7F2FB0346C6F8D3
:10A4300018010028F3D0021F00217C3042F8041FCD
:10A440008242FBD1E4E700BF0800002038B50C4B86
:10A450001D68D5F818410CB1002038BD8021284670
:10A46000FBF7D6FBC5F8180138B1031F00F17C02D9
:10A4700043F8044F9342FBD1EEE74FF0FF3038BD75
:10A480000800002038B5184B1F281D6828D804463E
:10A49000D5F81801A0B150F8243000EB84004BB17E
:10A4A0005A1C0BD0012B07D0002505602046984789
:10A4B000284638BD012038BD032038BD022038BDF4
:10A4C00080212846FBF7A4FBC5F8180140B1031F03
:10A4D00000F17C01002243F8042F8B42FBD1DAE724
:10A4E0004FF0FF3038BD00BF0800002070B50C46AB
:10A4F000084D03460026204611461C462E6000F0FB
:10A50000CBFF431C00D070BD2B68002BFBD0236019
:10A5100070BD00BF4808002000F0AEBF2DE9F04735
:10A520008F681D46AF420B680C46164636D8B1F907
:10A530000CC01CF4906F0ED13D46184631462A4699
:10A54000FEF77AFDA368DF1B2368A7602B44002079
:10A550002360BDE8F0874A69096902EB42025F1A8D
:10A5600002EBD2726B1C52103B44934292BF914655
:10A5700099461A461CF4806F804611D01146FBF7AD
:10A5800047FB824600B321693A46FBF767FFA38980
:10A5900023F4906343F08003A38105E02F46CCE7CA
:10A5A000FCF746F9824658B10AEB0703A9EB070707
:10A5B000A760C4F810A0C4F8149023602F46BCE72D
:10A5C00021694046F7F77AFBA3890C2243F0400348
:10A5D000C8F800204FF0FF30A381BAE781F00041B6
:10A5E00002E000BF83F0004330B54FEA41044FEA78
:10A5F000430594EA050F08BF90EA020F1FBF54EA13
:10A60000000C55EA020C7FEA645C7FEA655C00F0AE
:10A61000E2804FEA5454D4EB5555B8BF6D420CDD7F
:10A620002C4480EA020281EA030382EA000083EA02
:10A63000010180EA020281EA0303362D88BF30BDA2
:10A6400011F0004F4FEA01314FF4801C4CEA1131F8
:10A6500002D0404261EB410113F0004F4FEA033357
:10A660004CEA133302D0524263EB430394EA050FE2
:10A6700000F0A780A4F10104D5F1200E0DDB02FA51
:10A680000EFC22FA05F2801841F1000103FA0EF2E5
:10A69000801843FA05F359410EE0A5F120050EF1AB
:10A6A000200E012A03FA0EFC28BF4CF0020C43FADC
:10A6B00005F3C01851EBE37101F0004507D54FF0E9
:10A6C000000EDCF1000C7EEB00006EEB0101B1F539
:10A6D000801F1BD3B1F5001F0CD349085FEA30007F
:10A6E0004FEA3C0C04F101044FEA445212F5800F8A
:10A6F00080F09A80BCF1004F08BF5FEA500C50F127
:10A70000000041EB045141EA050130BD5FEA4C0C09
:10A71000404141EB0101013C28BFB1F5801FE9D266
:10A7200091F0000F04BF01460020B1FA81F308BF89
:10A730002033A3F10B03B3F120020CDA0C3208DD55
:10A7400002F1140CC2F10C0201FA0CF021FA02F130
:10A750000CE002F11402D8BFC2F1200C01FA02F1A0
:10A7600020FA0CFCDCBF41EA0C019040E41AA2BFC5
:10A7700001EB0451294330BD6FEA04041F3C1CDA8D
:10A780000C340EDC04F11404C4F1200220FA04F0AD
:10A7900001FA02F340EA030021FA04F345EA030157
:10A7A00030BDC4F10C04C4F1200220FA02F001FA19
:10A7B00004F340EA0300294630BD21FA04F029469B
:10A7C00030BD94F0000F83F4801306BF81F4801134
:10A7D0000134013D4EE77FEA645C18BF7FEA655CA7
:10A7E00029D094EA050F08BF90EA020F05D054EA79
:10A7F000000C04BF1946104630BD91EA030F1EBF7E
:10A800000021002030BD5FEA545C05D14000494181
:10A8100028BF41F0004130BD14F580043CBF01F574
:10A82000801130BD01F0004545F0FE4141F470015A
:10A830004FF0000030BD7FEA645C1ABF1946104635
:10A840007FEA655C1CBF0B46024650EA013406BF36
:10A8500052EA033591EA030F41F4002130BD00BFF5
:10A8600090F0000F04BF0021704730B54FF48064B2
:10A8700004F132044FF000054FF0000150E700BF33
:10A8800090F0000F04BF0021704730B54FF4806492
:10A8900004F1320410F0004548BF40424FF000017F
:10A8A0003EE700BF42004FEAE2014FEA31014FEAC2
:10A8B00002701FBF12F07F4393F07F4F81F0605111
:10A8C000704732F07F4208BF704793F07F4F04BF5C
:10A8D00041F40021704730B54FF4607401F0004539
:10A8E00021F000411CE700BF50EA010208BF704799
:10A8F00030B54FF000050AE050EA010208BF70478A
:10A9000030B511F0004502D5404261EB41014FF4F2
:10A91000806404F132045FEA915C3FF4D8AE4FF0FA
:10A9200003025FEADC0C18BF03325FEADC0C18BFDD
:10A93000033202EBDC02C2F1200300FA03FC20FA2E
:10A9400002F001FA03FE40EA0E0021FA02F114447B
:10A95000BDE600BF70B54FF0FF0C4CF4E06C1CEA94
:10A9600011541DBF1CEA135594EA0C0F95EA0C0F05
:10A9700000F0DEF82C4481EA030621EA4C5123EA78
:10A980004C5350EA013518BF52EA033541F48011A7
:10A9900043F4801338D0A0FB02CE4FF00005E1FB5A
:10A9A00002E506F00042E0FB03E54FF00006E1FBA4
:10A9B00003569CF0000F18BF4EF0010EA4F1FF04E7
:10A9C000B6F5007F64F5407404D25FEA4E0E6D4127
:10A9D00046EB060642EAC62141EA55514FEAC52038
:10A9E00040EA5E504FEACE2EB4F1FD0C88BFBCF5B4
:10A9F000E06F1ED8BEF1004F08BF5FEA500E50F165
:10AA0000000041EB045170BD06F0004646EA01012A
:10AA100040EA020081EA0301B4EB5C04C2BFD4EB5C
:10AA20000C0541EA045170BD41F480114FF0000E55
:10AA3000013C00F3AB8014F1360FDEBF002001F0C3
:10AA4000004170BDC4F10004203C35DA0C341BDC3D
:10AA500004F11404C4F1200500FA05F320FA04F00F
:10AA600001FA05F240EA020001F0004221F0004143
:10AA700010EBD37021FA04F642EB06015EEA430EB6
:10AA800008BF20EAD37070BDC4F10C04C4F12005E6
:10AA900000FA04F320FA05F001FA04F240EA020099
:10AAA00001F0004110EBD37041F100015EEA430E6A
:10AAB00008BF20EAD37070BDC4F1200500FA05F28A
:10AAC0004EEA020E20FA04F301FA05F243EA020309
:10AAD00021FA04F001F0004121FA04F220EA020018
:10AAE00000EBD3705EEA430E08BF20EAD37070BD5E
:10AAF00094F0000F0FD101F00046400041EB01013E
:10AB000011F4801F08BF013CF7D041EA060195F01F
:10AB1000000F18BF704703F00046520043EB0303D9
:10AB200013F4801F08BF013DF7D043EA06037047C6
:10AB300094EA0C0F0CEA135518BF95EA0C0F0CD0D1
:10AB400050EA410618BF52EA4306D1D181EA030117
:10AB500001F000414FF0000070BD50EA410606BF11
:10AB60001046194652EA430619D094EA0C0F02D156
:10AB700050EA013613D195EA0C0F05D152EA03369B
:10AB80001CBF104619460AD181EA030101F00041B9
:10AB900041F0FE4141F470014FF0000070BD41F002
:10ABA000FE4141F4780170BD70B54FF0FF0C4CF4DC
:10ABB000E06C1CEA11541DBF1CEA135594EA0C0FFB
:10ABC00095EA0C0F00F0A7F8A4EB050481EA030E48
:10ABD00052EA03354FEA013100F088804FEA03332F
:10ABE0004FF0805545EA131343EA12634FEA0222FD
:10ABF00045EA111545EA10654FEA00260EF00041BE
:10AC00009D4208BF964244F1FD0404F5407402D20F
:10AC10005B084FEA3202B61A65EB03055B084FEAA0
:10AC200032024FF480104FF4002CB6EB020E75EB9D
:10AC3000030E22BFB61A754640EA0C005B084FEAC5
:10AC40003202B6EB020E75EB030E22BFB61A754642
:10AC500040EA5C005B084FEA3202B6EB020E75EB8D
:10AC6000030E22BFB61A754640EA9C005B084FEA05
:10AC70003202B6EB020E75EB030E22BFB61A754612
:10AC800040EADC0055EA060E18D04FEA051545EA01
:10AC900016754FEA06164FEAC30343EA52734FEAAA
:10ACA000C2025FEA1C1CC0D111F4801F0BD141EA23
:10ACB00000014FF000004FF0004CB6E711F4801F88
:10ACC00004BF01430020B4F1FD0C88BFBCF5E06F68
:10ACD0003FF6AFAEB5EB030C04BFB6EB020C5FEA78
:10ACE000500C50F1000041EB045170BD0EF0004ECD
:10ACF0004EEA113114EB5C04C2BFD4EB0C0541EAFF
:10AD0000045170BD41F480114FF0000E013C90E6FB
:10AD100045EA060E8DE60CEA135594EA0C0F08BFBF
:10AD200095EA0C0F3FF43BAF94EA0C0F0AD150EABE
:10AD300001347FF434AF95EA0C0F7FF425AF104651
:10AD400019462CE795EA0C0F06D152EA03353FF479
:10AD5000FDAE1046194622E750EA410618BF52EAF6
:10AD600043067FF4C5AE50EA41047FF40DAF52EACA
:10AD700043057FF4EBAE12E74FF0FF3C06E000BF67
:10AD80004FF0010C02E000BF4FF0010C4DF804CD74
:10AD90004FEA410C7FEA6C5C4FEA430C18BF7FEA34
:10ADA0006C5C1BD001B050EA410C0CBF52EA430C62
:10ADB00091EA030F02BF90EA020F0020704710F1E2
:10ADC000000F91EA030F58BF994208BF90422CBF71
:10ADD000D8176FEAE37040F0010070474FEA410C6A
:10ADE0007FEA6C5C02D150EA013C07D14FEA430C88
:10ADF0007FEA6C5CD6D152EA033CD3D05DF8040BF9
:10AE0000704700BF8446104662468C46194663462A
:10AE100000E000BF01B5FFF7B7FF002848BF10F101
:10AE2000000F01BD4DF808EDFFF7F4FF0CBF012046
:10AE300000205DF808FB00BF4DF808EDFFF7EAFFC2
:10AE400034BF012000205DF808FB00BF4DF808ED7D
:10AE5000FFF7E0FF94BF012000205DF808FB00BF72
:10AE60004DF808EDFFF7CEFF94BF012000205DF8FC
:10AE700008FB00BF4DF808EDFFF7C4FF34BF012009
:10AE800000205DF808FB00BF4FEA410C7FEA6C5CD4
:10AE900002D150EA013C0AD14FEA430C7FEA6C5CD4
:10AEA00002D152EA033C02D14FF0000070474FF04C
:10AEB000010070474FEA410212F5001215D211D578
:10AEC0006FF47873B3EB625212D94FEAC12343F0A7
:10AED000004343EA505311F0004F23FA02F018BF29
:10AEE000404270474FF00000704750EA013005D1F2
:10AEF00011F0004008BF6FF0004070474FF00000B5
:10AF0000704700BF4A0011D212F5001211D20DD5C0
:10AF10006FF47873B3EB62520ED44FEAC12343F05F
:10AF2000004343EA505323FA02F070474FF0000009
:10AF3000704750EA013002D14FF0FF3070474FF0B8
:10AF4000000070474FEA4102B2F1E04324BFB3F57D
:10AF5000001CDCF1FE5C0DD901F0004C4FEAC00290
:10AF60004CEA5070B2F1004F40EB830008BF20F074
:10AF70000100704711F0804F21D113F13872BCBF2E
:10AF800001F00040704741F480114FEA5252C2F183
:10AF90001802C2F1200C10FA0CF320FA02F018BFCC
:10AFA00040F001004FEAC1234FEAD32303FA0CFC1F
:10AFB00040EA0C0023FA02F34FEA4303CCE77FEAAE
:10AFC000625307D150EA01331EBF4FF0FE4040F4F8
:10AFD0004000704701F0004040F0FE4040F40000A7
:10AFE000704700BF4FF0FF3C06E000BF4FF0010C80
:10AFF00002E000BF4FF0010C4DF804CD4FEA4002D3
:10B000004FEA41037FEA226C18BF7FEA236C11D01C
:10B0100001B052EA530C18BF90EA010F58BFB2EBCF
:10B02000030088BFC81738BF6FEAE17018BF40F04F
:10B03000010070477FEA226C02D15FEA402C05D103
:10B040007FEA236CE4D15FEA412CE1D05DF8040B88
:10B05000704700BF844608466146FFE70FB5FFF71B
:10B06000C9FF002848BF10F1000F0FBD4DF808EDD3
:10B07000FFF7F4FF0CBF012000205DF808FB00BFC4
:10B080004DF808EDFFF7EAFF34BF012000205DF81E
:10B0900008FB00BF4DF808EDFFF7E0FF94BF01206B
:10B0A00000205DF808FB00BF4DF808EDFFF7D2FF68
:10B0B00094BF012000205DF808FB00BF4DF808EDAB
:10B0C000FFF7C8FF34BF012000205DF808FB00BF78
:10B0D0004FEA40024FEA41037FEA226C02D15FEA65
:10B0E000402C08D17FEA236C02D15FEA412C02D1C7
:10B0F0004FF0000070474FF00100704753B94AB954
:10B10000002908BF00281CBF4FF0FF314FF0FF306F
:10B1100000F0A0B9ADF1080C6DE904CE00F03CF8E8
:10B12000DDF804E0DDE9022304B0704738B5002201
:10B13000002304460D46FFF77FFE28B92046294626
:10B14000BDE8384000F00AB8204605F1004100F0A3
:10B1500005F8404261EB410138BD00BFD0B50C4B52
:10B16000002206460F46FFF7F5FBFFF7CBFE04462D
:10B17000FFF776FB074B0022FFF7ECFB02460B467E
:10B1800030463946FFF72EFAFFF7BCFE2146D0BD08
:10B190000000F03D0000F0412DE9F047089D0E460B
:10B1A00004460F46002B4AD194468C45B2FA82F2EF
:10B1B00060D942B1C2F12003974020FA03F30CFAA0
:10B1C00002FC1F4394404FEA1C4E1FFA8CF6B7FB5B
:10B1D000FEF1230C0EFB117743EA074301FB06F057
:10B1E00098420AD91CEB030301F1FF3780F0158167
:10B1F000984240F21281023963441B1AA4B2B3FB95
:10B20000FEF00EFB103344EA034400FB06F6A642B0
:10B210000AD91CEB040400F1FF3380F00081A64240
:10B2200040F2FD806444023840EA0140A41B002142
:10B230001DB1D4400023C5E90043BDE8F0878B422F
:10B2400005D90DB1C5E9000100210846F5E7B3FABB
:10B2500083F1002946D1B34202D3824200F2F58045
:10B26000841A66EB030201201746002DE5D0C5E9DC
:10B270000047E2E7002A40F09380A1EB0C034FEA7D
:10B280001C471FFA8CFE0121B3FBF7F607FB1630B3
:10B29000230C43EA00430EFB06F0984208D91CEB4E
:10B2A000030306F1FF3802D2984200F2D0804646EE
:10B2B0001B1AA4B2B3FBF7F007FB103344EA0344B4
:10B2C0000EFB00FEA64508D91CEB040400F1FF3379
:10B2D00002D2A64500F2B6801846A4EB0E0440EA5E
:10B2E0000640A5E7C1F120078B4022FA07FC4CEA93
:10B2F000030C06FA01FE20FA07F426FA07F344EAE3
:10B300000E0400FA01F84FEA1C404FEA1449B3FB5F
:10B31000F0FE1FFA8CF600FB1E3349EA03430EFBD6
:10B3200006F9994502FA01F20BD91CEB03030EF161
:10B33000FF3A80F08580994540F28280AEF1020E9E
:10B340006344A3EB0909A4B2B9FBF0F300FB139922
:10B3500044EA094403FB06F6A64208D91CEB0404A0
:10B3600003F1FF3068D2A64266D9023B644443EA47
:10B370000E40A41BA0FB02E6B4427346B14652D372
:10B380004FD05DB1B8EB030264EB090404FA07F790
:10B3900022FA01F31F43CC40C5E9007400214CE7B9
:10B3A000C2F1200120FA01F30CFA02FC26FA01F1A5
:10B3B000964033434FEA1C471FFA8CFEB1FBF7F06F
:10B3C00007FB1016190C41EA064100FB0EF68E42EF
:10B3D00004FA02F408D91CEB010100F1FF382DD268
:10B3E0008E422BD902386144891B9BB2B1FBF7F620
:10B3F00007FB161143EA014306FB0EF1994208D9F7
:10B400001CEB030306F1FF3814D2994212D9023E15
:10B4100063445B1A46EA004136E73946EDE61846D2
:10B4200002E7F045ADD2BEEB020366EB0C06013835
:10B43000B146A6E74646ECE7034698E74046D3E721
:10B44000D6467EE76444023847E708460DE7023EE9
:10B4500063442DE7704700BF024B58221A604FF03B
:10B46000FF30704748080020024B58221A604FF006
:10B47000FF30704748080020024B58221A604FF0F6
:10B48000FF30704748080020024B58221A60002005
:10B49000704700BF48080020024B58221A604FF046
:10B4A000FF30704748080020024B58221A604FF0C6
:10B4B000FF30704748080020044A05491368002BF4
:10B4C00008BF0B461844106018467047DC0900207E
:10B4D000E0090020FEE700BFF8B500BFF8BC08BCDB
:10B4E0009E4670474964000029080000F8B500BF77
:10B4F000F8BC08BC9E467047010800001000000020
:10B5000000000000017A5200027C0E011B0C0D00AD
:10B510001C000000180000006881FFFFD800000038
:10B5200000410E088501840202490A4AC5C4410B44
:10B530001000000000000000017A5200027C0E01A1
:10B540001B0C0D0038000000180000007497FFFF6E
:10B550009E00000000510E108404850386028701BE
:10B560005BC7C6C5C40E004C0A420B0A420B0E1044
:10B57000840485038602870151C7C6C5C40E000036
:10B580001000000000000000017A5200027C0E0151
:10B590001B0C0D001400000018000000C0AEFFFFDF
:10B5A000340100000002710A430B0000000000009B
:10B5B000F8B5000000000020AE010000B0BC0000A3
:10B5C000B806002000000000B0BC0000B806002053
:10B5D00000000000B0BC0000B80600200000000021
:10B5E000B8060020CA000000E009002000000000AA
:08B5F000E0090020000000004A
:10B5F8000090D003000000001000002000000000B0
:10B6080000000000D40600203C070020A40700200A
:10B618000000000000000000000000000000000022
:10B628000000000000000000000000000000000012
:10B638000000000000000000000000000000000002
:10B6480000000000000000000000000000000000F2
:10B6580000000000000000000000000000000000E2
:10B6680000000000000000000000000000000000D2
:10B6780000000000000000000000000000000000C2
:10B6880000000000000000000000000000000000B2
:10B6980000000000000000000100000000000000A1
:10B6A8000E33CDAB34126DE6ECDE05000B00000066
:10B6B8000000000000000000000000000000000082
:10B6C8000000000000000000000000000000000072
:10B6D8000000000000000000000000000000000062
:10B6E8000000000000000000000000000000000052
:10B6F8000000000000000000000000000000000042
:10B708000000000000000000000000000000000031
:10B718000000000000000000000000000000000021
:10B728000000000003000000D406002043000000D1
:10B738000000000000000000000000000000000001
:10B7480000000000000000000000000043000000AE
:10B7580000000000000000000000000000000000E1
:10B76800000000000000000000000000430000008E
:10B7780000000000000000000000000000000000C1
:10B78800000000000000000000000000430000006E
:10B7980000000000000000000000000000000000A1
:10B7A800000000000000000000000000430000004E
:10B7B8000000000000000000000000000000000081
:10B7C800000000000000000000000000430000002E
:10B7D8000000000000000000000000000000000061
:10B7E800000000000000000000000000430000000E
:10B7F8000000000000000000000000000000000041
:10B808000000000000000000000000007D63000050
:10B81800E95700000000000068050000AC020000C5
:10B828007002000070020000700200007002000048
:10B838007002000070020000700200007002000038
:10B8480070020000FFFFFFFFFFFFFFFFFFFFFFFF8A
:10B85800FFFF000001004153434949000000000078
:10B8680000000000000000000000000000000000D0
:10B878000000000000004153434949000000000057
:10B8880000000000000000000000000000000000B0
:10B8980000000000000000000000000000000000A0
:10B8A800A8020020A8020020B0020020B002002058
:10B8B800B8020020B8020020C0020020C002002008
:10B8C800C8020020C8020020D0020020D0020020B8
:10B8D800D8020020D8020020E0020020E002002068
:10B8E800E8020020E8020020F0020020F002002018
:10B8F800F8020020F80200200003002000030020C6
:10B908000803002008030020100300201003002073
:10B918001803002018030020200300202003002023
:10B9280028030020280300203003002030030020D3
:10B938003803002038030020400300204003002083
:10B948004803002048030020500300205003002033
:10B9580058030020580300206003002060030020E3
:10B968006803002068030020700300207003002093
:10B978007803002078030020800300208003002043
:10B9880088030020880300209003002090030020F3
:10B998009803002098030020A0030020A0030020A3
:10B9A800A8030020A8030020B0030020B003002053
:10B9B800B8030020B8030020C0030020C003002003
:10B9C800C8030020C8030020D0030020D0030020B3
:10B9D800D8030020D8030020E0030020E003002063
:10B9E800E8030020E8030020F0030020F003002013
:10B9F800F8030020F80300200004002000040020C1
:10BA0800080400200804002010040020100400206E
:10BA1800180400201804002020040020200400201E
:10BA280028040020280400203004002030040020CE
:10BA3800380400203804002040040020400400207E
:10BA4800480400204804002050040020500400202E
:10BA580058040020580400206004002060040020DE
:10BA6800680400206804002070040020700400208E
:10BA7800780400207804002080040020800400203E
:10BA880088040020880400209004002090040020EE
:10BA98009804002098040020A0040020A00400209E
:10BAA800A8040020A8040020B0040020B00400204E
:10BAB800B8040020B8040020C0040020C0040020FE
:10BAC800C8040020C8040020D0040020D0040020AE
:10BAD800D8040020D8040020E0040020E00400205E
:10BAE800E8040020E8040020F0040020F00400200E
:10BAF800F8040020F80400200005002000050020BC
:10BB08000805002008050020100500201005002069
:10BB18001805002018050020200500202005002019
:10BB280028050020280500203005002030050020C9
:10BB38003805002038050020400500204005002079
:10BB48004805002048050020500500205005002029
:10BB580058050020580500206005002060050020D9
:10BB68006805002068050020700500207005002089
:10BB78007805002078050020800500208005002039
:10BB880088050020880500209005002090050020E9
:10BB98009805002098050020A0050020A005002099
:10BBA800A8050020A8050020B0050020B005002049
:10BBB800B8050020B8050020C0050020C0050020F9
:10BBC800C8050020C8050020D0050020D0050020A9
:10BBD800D8050020D8050020E0050020E005002059
:10BBE800E8050020E8050020F0050020F005002009
:10BBF800F8050020F80500200006002000060020B7
:10BC08000806002008060020100600201006002064
:10BC18001806002018060020200600202006002014
:10BC280028060020280600203006002030060020C4
:10BC38003806002038060020400600204006002074
:10BC48004806002048060020500600205006002024
:10BC580058060020580600206006002060060020D4
:10BC68006806002068060020700600207006002084
:10BC78007806002078060020800600208006002034
:10BC880088060020880600209006002090060020E4
:10BC98009806002098060020A0060020A006002094
:08BCA800FFFFFFFF0000020096
:0400000300000E915A
:00000001FF
